size,subject,layer,shape,mean_r,median_r,std_r,min_r,max_r,nan_count,inf_count,zero_ratio,positive_ratio,file
13B,4,0,"(10242,)",0.08447559686672221,0.08949633219133936,0.02255896936777924,-0.12624630828872496,0.1523237724432602,0,0,0.0,0.9780316344463972,/media/i9a2/WindowsData/Wsh/Brain_LLM_Project/4_Results_fmriprep25_test/llama/13B/base/layer0/base_subj4_corrlh.npy
13B,5,0,"(10242,)",0.06807067543005679,0.07454571565019474,0.026354613511406857,-0.1035743163883287,0.14986673014617385,0,0,0.0,0.9550868970904121,/media/i9a2/WindowsData/Wsh/Brain_LLM_Project/4_Results_fmriprep25_test/llama/13B/base/layer0/base_subj5_corrlh.npy
13B,6,0,"(10242,)",0.03934792219593869,0.04202480902671683,0.014121625118927035,-0.09635454088650863,0.09746761174371177,0,0,0.0,0.9693419254051943,/media/i9a2/WindowsData/Wsh/Brain_LLM_Project/4_Results_fmriprep25_test/llama/13B/base/layer0/base_subj6_corrlh.npy
13B,7,0,"(10242,)",0.0959471747184957,0.10031030143425809,0.02046344761990432,-0.09462175889705525,0.13500815256570045,0,0,0.0,0.9855496973247413,/media/i9a2/WindowsData/Wsh/Brain_LLM_Project/4_Results_fmriprep25_test/llama/13B/base/layer0/base_subj7_corrlh.npy
13B,8,0,"(10242,)",0.16753601794674935,0.18419896522325824,0.06305640129624478,-0.21861489854029392,0.24485495028142612,0,0,0.0,0.9580160124975591,/media/i9a2/WindowsData/Wsh/Brain_LLM_Project/4_Results_fmriprep25_test/llama/13B/base/layer0/base_subj8_corrlh.npy
13B,4,1,"(10242,)",0.07778047794090263,0.08287277543158728,0.022170656330792234,-0.1284664248570075,0.13790087755826147,0,0,0.0,0.9772505370044913,/media/i9a2/WindowsData/Wsh/Brain_LLM_Project/4_Results_fmriprep25_test/llama/13B/base/layer1/base_subj4_corrlh.npy
13B,5,1,"(10242,)",0.08962410118325144,0.10041031828810729,0.036561914918909,-0.14771019328347418,0.1535692668104394,0,0,0.0,0.9473735598515914,/media/i9a2/WindowsData/Wsh/Brain_LLM_Project/4_Results_fmriprep25_test/llama/13B/base/layer1/base_subj5_corrlh.npy
13B,6,1,"(10242,)",0.042587039506144495,0.045338461701096705,0.013586964518369148,-0.15600034493647863,0.08957395048348343,0,0,0.0,0.9767623511033001,/media/i9a2/WindowsData/Wsh/Brain_LLM_Project/4_Results_fmriprep25_test/llama/13B/base/layer1/base_subj6_corrlh.npy
13B,7,1,"(10242,)",0.09728272480888514,0.10172850154297378,0.020488911220030232,-0.1195755194753445,0.14672838830513427,0,0,0.0,0.9860378832259324,/media/i9a2/WindowsData/Wsh/Brain_LLM_Project/4_Results_fmriprep25_test/llama/13B/base/layer1/base_subj7_corrlh.npy
13B,8,1,"(10242,)",0.23532222339947037,0.25706131165022095,0.0833815141365852,-0.26407680396500594,0.3215587888925727,0,0,0.0,0.9605545791837532,/media/i9a2/WindowsData/Wsh/Brain_LLM_Project/4_Results_fmriprep25_test/llama/13B/base/layer1/base_subj8_corrlh.npy
13B,4,10,"(10242,)",0.062136117009302626,0.06738467965965572,0.020368284790954396,-0.13494943989173402,0.11298667983549857,0,0,0.0,0.9720757664518649,/media/i9a2/WindowsData/Wsh/Brain_LLM_Project/4_Results_fmriprep25_test/llama/13B/base/layer10/base_subj4_corrlh.npy
13B,5,10,"(10242,)",0.07519987351027942,0.08843094068063408,0.040361297430504824,-0.18258075578744482,0.16315284472336522,0,0,0.0,0.9321421597344268,/media/i9a2/WindowsData/Wsh/Brain_LLM_Project/4_Results_fmriprep25_test/llama/13B/base/layer10/base_subj5_corrlh.npy
13B,6,10,"(10242,)",-0.025517173239719828,-0.027196328242483945,0.008735814711961401,-0.07471729083936235,0.06427455963357552,0,0,0.0,0.030365163054090996,/media/i9a2/WindowsData/Wsh/Brain_LLM_Project/4_Results_fmriprep25_test/llama/13B/base/layer10/base_subj6_corrlh.npy
13B,7,10,"(10242,)",0.03753262005247188,0.03811934521649839,0.011458149161824584,-0.0957072231733534,0.15089405508821488,0,0,0.0,0.9847685998828354,/media/i9a2/WindowsData/Wsh/Brain_LLM_Project/4_Results_fmriprep25_test/llama/13B/base/layer10/base_subj7_corrlh.npy
13B,8,10,"(10242,)",0.2030357388307899,0.22410652533344017,0.07686623535220677,-0.25320190993906333,0.27710378428847826,0,0,0.0,0.9559656317125561,/media/i9a2/WindowsData/Wsh/Brain_LLM_Project/4_Results_fmriprep25_test/llama/13B/base/layer10/base_subj8_corrlh.npy
13B,4,11,"(10242,)",0.08705754029468835,0.09352863369698713,0.025909728373493417,-0.11413482994317932,0.1478931062281682,0,0,0.0,0.9722710408123414,/media/i9a2/WindowsData/Wsh/Brain_LLM_Project/4_Results_fmriprep25_test/llama/13B/base/layer11/base_subj4_corrlh.npy
13B,5,11,"(10242,)",0.12607211771878007,0.14060719235651775,0.0510106218558135,-0.18154443082779015,0.2415712938625289,0,0,0.0,0.9496192149970709,/media/i9a2/WindowsData/Wsh/Brain_LLM_Project/4_Results_fmriprep25_test/llama/13B/base/layer11/base_subj5_corrlh.npy
13B,6,11,"(10242,)",-0.011506776070673911,-0.012903202628930167,0.010203166724371075,-0.09182165687079177,0.08559825494043127,0,0,0.0,0.06024214020699082,/media/i9a2/WindowsData/Wsh/Brain_LLM_Project/4_Results_fmriprep25_test/llama/13B/base/layer11/base_subj6_corrlh.npy
13B,7,11,"(10242,)",0.05267615183355743,0.05410031209129914,0.015158702924717313,-0.1066807505705467,0.1313853663373885,0,0,0.0,0.9836945909002148,/media/i9a2/WindowsData/Wsh/Brain_LLM_Project/4_Results_fmriprep25_test/llama/13B/base/layer11/base_subj7_corrlh.npy
13B,8,11,"(10242,)",0.16108540484114658,0.17782911641180826,0.061960344699677906,-0.20895191964978213,0.21718774691378379,0,0,0.0,0.9575278265963679,/media/i9a2/WindowsData/Wsh/Brain_LLM_Project/4_Results_fmriprep25_test/llama/13B/base/layer11/base_subj8_corrlh.npy
13B,4,12,"(10242,)",0.10202343726989599,0.11046789568186119,0.02882423569315608,-0.17032915068782517,0.1795640137459881,0,0,0.0,0.9760788908416325,/media/i9a2/WindowsData/Wsh/Brain_LLM_Project/4_Results_fmriprep25_test/llama/13B/base/layer12/base_subj4_corrlh.npy
13B,5,12,"(10242,)",0.03404847668325203,0.040995142861557816,0.02398792453421553,-0.12698087671854597,0.11903824374259014,0,0,0.0,0.920132786565124,/media/i9a2/WindowsData/Wsh/Brain_LLM_Project/4_Results_fmriprep25_test/llama/13B/base/layer12/base_subj5_corrlh.npy
13B,6,12,"(10242,)",0.023102831698688264,0.02460649781751322,0.008848028455279277,-0.06611612765946465,0.07913194822418541,0,0,0.0,0.9680726420620972,/media/i9a2/WindowsData/Wsh/Brain_LLM_Project/4_Results_fmriprep25_test/llama/13B/base/layer12/base_subj6_corrlh.npy
13B,7,12,"(10242,)",0.0701704616270093,0.07411783389103715,0.0185777302978949,-0.1119579186255342,0.12310549712148304,0,0,0.0,0.9799843780511619,/media/i9a2/WindowsData/Wsh/Brain_LLM_Project/4_Results_fmriprep25_test/llama/13B/base/layer12/base_subj7_corrlh.npy
13B,8,12,"(10242,)",0.1529028371085657,0.16957704326588185,0.06140840911272192,-0.216139870794066,0.24975126883217386,0,0,0.0,0.9552821714508885,/media/i9a2/WindowsData/Wsh/Brain_LLM_Project/4_Results_fmriprep25_test/llama/13B/base/layer12/base_subj8_corrlh.npy
13B,4,13,"(10242,)",0.11390966022199023,0.12352888758050948,0.033404028451923404,-0.17117279596780183,0.1931971249249357,0,0,0.0,0.974614333138059,/media/i9a2/WindowsData/Wsh/Brain_LLM_Project/4_Results_fmriprep25_test/llama/13B/base/layer13/base_subj4_corrlh.npy
13B,5,13,"(10242,)",0.07339590381019286,0.08565659029968917,0.04100597159381124,-0.18614770443436446,0.17572555677350982,0,0,0.0,0.9312634251122828,/media/i9a2/WindowsData/Wsh/Brain_LLM_Project/4_Results_fmriprep25_test/llama/13B/base/layer13/base_subj5_corrlh.npy
13B,6,13,"(10242,)",-0.012511073742999443,-0.011891825118644974,0.01281706431672743,-0.09857587224791259,0.08098808966930873,0,0,0.0,0.08836164811560242,/media/i9a2/WindowsData/Wsh/Brain_LLM_Project/4_Results_fmriprep25_test/llama/13B/base/layer13/base_subj6_corrlh.npy
13B,7,13,"(10242,)",0.040748297044521244,0.04276278832180942,0.01045289056620334,-0.07637468759477142,0.10055548977207014,0,0,0.0,0.9818394844756884,/media/i9a2/WindowsData/Wsh/Brain_LLM_Project/4_Results_fmriprep25_test/llama/13B/base/layer13/base_subj7_corrlh.npy
13B,8,13,"(10242,)",0.19640856911202823,0.21658272546969476,0.07295052044451265,-0.24347864800411534,0.27912404724651174,0,0,0.0,0.958797109939465,/media/i9a2/WindowsData/Wsh/Brain_LLM_Project/4_Results_fmriprep25_test/llama/13B/base/layer13/base_subj8_corrlh.npy
13B,4,14,"(10242,)",0.0943357454465479,0.10145489190183954,0.025396756627130593,-0.13590826144842294,0.15213225471057173,0,0,0.0,0.9771528998242531,/media/i9a2/WindowsData/Wsh/Brain_LLM_Project/4_Results_fmriprep25_test/llama/13B/base/layer14/base_subj4_corrlh.npy
13B,5,14,"(10242,)",0.06100710294393942,0.06912737452911254,0.026136691320797614,-0.11366365906889905,0.14276348954185608,0,0,0.0,0.9487404803749268,/media/i9a2/WindowsData/Wsh/Brain_LLM_Project/4_Results_fmriprep25_test/llama/13B/base/layer14/base_subj5_corrlh.npy
13B,6,14,"(10242,)",0.02458954230629682,0.025185698877982436,0.011021243658911365,-0.07659860709185283,0.11777597370957546,0,0,0.0,0.9732474126147237,/media/i9a2/WindowsData/Wsh/Brain_LLM_Project/4_Results_fmriprep25_test/llama/13B/base/layer14/base_subj6_corrlh.npy
13B,7,14,"(10242,)",0.07352287120762391,0.0775574114551125,0.018754150327568005,-0.13107618553594128,0.1248112490795443,0,0,0.0,0.9811560242140207,/media/i9a2/WindowsData/Wsh/Brain_LLM_Project/4_Results_fmriprep25_test/llama/13B/base/layer14/base_subj7_corrlh.npy
13B,8,14,"(10242,)",0.1624143419873426,0.1797268064423461,0.06089528891920577,-0.19364435922557915,0.2295270038020707,0,0,0.0,0.9568443663347003,/media/i9a2/WindowsData/Wsh/Brain_LLM_Project/4_Results_fmriprep25_test/llama/13B/base/layer14/base_subj8_corrlh.npy
13B,4,15,"(10242,)",0.08636264236726408,0.09544764133963118,0.02952202113352906,-0.14345642269395242,0.13355111234901781,0,0,0.0,0.9666080843585237,/media/i9a2/WindowsData/Wsh/Brain_LLM_Project/4_Results_fmriprep25_test/llama/13B/base/layer15/base_subj4_corrlh.npy
13B,5,15,"(10242,)",0.018616453099506946,0.026026630513431022,0.03549229723186622,-0.18645981506418463,0.2040667929642671,0,0,0.0,0.8127318883030658,/media/i9a2/WindowsData/Wsh/Brain_LLM_Project/4_Results_fmriprep25_test/llama/13B/base/layer15/base_subj5_corrlh.npy
13B,6,15,"(10242,)",0.01777403413230968,0.0187745571507641,0.009539633955302431,-0.0658890171521421,0.11870496229561942,0,0,0.0,0.9601640304628002,/media/i9a2/WindowsData/Wsh/Brain_LLM_Project/4_Results_fmriprep25_test/llama/13B/base/layer15/base_subj6_corrlh.npy
13B,7,15,"(10242,)",0.038368049256591735,0.040867707590746497,0.01342298176911628,-0.11444660755866641,0.11310057374623536,0,0,0.0,0.9719781292716266,/media/i9a2/WindowsData/Wsh/Brain_LLM_Project/4_Results_fmriprep25_test/llama/13B/base/layer15/base_subj7_corrlh.npy
13B,8,15,"(10242,)",0.15211230290372715,0.16917478668011326,0.06153698206864115,-0.228945961989409,0.22013256456713456,0,0,0.0,0.954696348369459,/media/i9a2/WindowsData/Wsh/Brain_LLM_Project/4_Results_fmriprep25_test/llama/13B/base/layer15/base_subj8_corrlh.npy
13B,4,16,"(10242,)",0.11504850095078521,0.12699243923015757,0.03749544000523975,-0.20927250041667741,0.179972233246822,0,0,0.0,0.9658269869166178,/media/i9a2/WindowsData/Wsh/Brain_LLM_Project/4_Results_fmriprep25_test/llama/13B/base/layer16/base_subj4_corrlh.npy
13B,5,16,"(10242,)",0.03163201092460412,0.03317669421092689,0.027002658472065958,-0.18035609888275012,0.17365405406964377,0,0,0.0,0.9138840070298769,/media/i9a2/WindowsData/Wsh/Brain_LLM_Project/4_Results_fmriprep25_test/llama/13B/base/layer16/base_subj5_corrlh.npy
13B,6,16,"(10242,)",-0.01876983628673351,-0.019863030885184953,0.010269184980025232,-0.13346091834728224,0.07033651231796803,0,0,0.0,0.03973833235696153,/media/i9a2/WindowsData/Wsh/Brain_LLM_Project/4_Results_fmriprep25_test/llama/13B/base/layer16/base_subj6_corrlh.npy
13B,7,16,"(10242,)",0.00691431139949186,0.00788354972983527,0.020847751607924476,-0.1512917646938676,0.12496421844019426,0,0,0.0,0.7794376098418277,/media/i9a2/WindowsData/Wsh/Brain_LLM_Project/4_Results_fmriprep25_test/llama/13B/base/layer16/base_subj7_corrlh.npy
13B,8,16,"(10242,)",0.1672276414628351,0.18451731351317024,0.06112895881655815,-0.2600556758428528,0.26870363220693194,0,0,0.0,0.958406561218512,/media/i9a2/WindowsData/Wsh/Brain_LLM_Project/4_Results_fmriprep25_test/llama/13B/base/layer16/base_subj8_corrlh.npy
13B,4,17,"(10242,)",0.03993857597558465,0.04123059607028734,0.018351300468074296,-0.13049716114241583,0.151294058421252,0,0,0.0,0.9673891818004297,/media/i9a2/WindowsData/Wsh/Brain_LLM_Project/4_Results_fmriprep25_test/llama/13B/base/layer17/base_subj4_corrlh.npy
13B,5,17,"(10242,)",0.0017835545940934896,0.00730021656669012,0.027956877085380236,-0.15487068328598882,0.18277800238252095,0,0,0.0,0.6804335090802578,/media/i9a2/WindowsData/Wsh/Brain_LLM_Project/4_Results_fmriprep25_test/llama/13B/base/layer17/base_subj5_corrlh.npy
13B,6,17,"(10242,)",0.005201637245891669,0.005932351516425065,0.006969197041854641,-0.07910360357180724,0.07848353362991226,0,0,0.0,0.9154462019136888,/media/i9a2/WindowsData/Wsh/Brain_LLM_Project/4_Results_fmriprep25_test/llama/13B/base/layer17/base_subj6_corrlh.npy
13B,7,17,"(10242,)",0.05136372389918202,0.055085652580999116,0.016284832640416226,-0.14182321490833769,0.13276668550106974,0,0,0.0,0.974614333138059,/media/i9a2/WindowsData/Wsh/Brain_LLM_Project/4_Results_fmriprep25_test/llama/13B/base/layer17/base_subj7_corrlh.npy
13B,8,17,"(10242,)",0.17446326577481083,0.19228671555037788,0.06526805883039437,-0.21716414656204483,0.24489796946223186,0,0,0.0,0.9574301894161297,/media/i9a2/WindowsData/Wsh/Brain_LLM_Project/4_Results_fmriprep25_test/llama/13B/base/layer17/base_subj8_corrlh.npy
13B,4,18,"(10242,)",0.10454183061831396,0.11391484403395398,0.031033817757485205,-0.1500422465446278,0.19940776943917413,0,0,0.0,0.9719781292716266,/media/i9a2/WindowsData/Wsh/Brain_LLM_Project/4_Results_fmriprep25_test/llama/13B/base/layer18/base_subj4_corrlh.npy
13B,5,18,"(10242,)",0.0790666116104394,0.09274425674626924,0.03875817912138668,-0.1328123611929737,0.14740785519171795,0,0,0.0,0.9348760007810974,/media/i9a2/WindowsData/Wsh/Brain_LLM_Project/4_Results_fmriprep25_test/llama/13B/base/layer18/base_subj5_corrlh.npy
13B,6,18,"(10242,)",0.039119163873943756,0.043694163310671594,0.021005702077381894,-0.13985003754685738,0.1200198016247675,0,0,0.0,0.9497168521773092,/media/i9a2/WindowsData/Wsh/Brain_LLM_Project/4_Results_fmriprep25_test/llama/13B/base/layer18/base_subj6_corrlh.npy
13B,7,18,"(10242,)",0.07730794365652703,0.08198929037269696,0.022507304109852744,-0.12096657084613137,0.13498294178776676,0,0,0.0,0.9771528998242531,/media/i9a2/WindowsData/Wsh/Brain_LLM_Project/4_Results_fmriprep25_test/llama/13B/base/layer18/base_subj7_corrlh.npy
13B,8,18,"(10242,)",0.15896237866062432,0.17373858357054373,0.05572881314384664,-0.24168614636387303,0.2698275953697045,0,0,0.0,0.9610427650849444,/media/i9a2/WindowsData/Wsh/Brain_LLM_Project/4_Results_fmriprep25_test/llama/13B/base/layer18/base_subj8_corrlh.npy
13B,4,19,"(10242,)",0.06304027122463342,0.07083378479014062,0.029427920681424222,-0.17569898728214123,0.136011886511571,0,0,0.0,0.9520601445030268,/media/i9a2/WindowsData/Wsh/Brain_LLM_Project/4_Results_fmriprep25_test/llama/13B/base/layer19/base_subj4_corrlh.npy
13B,5,19,"(10242,)",0.04715883667840918,0.055479177757709254,0.02645866837899862,-0.11914867537839338,0.14265182166966575,0,0,0.0,0.9291154071470415,/media/i9a2/WindowsData/Wsh/Brain_LLM_Project/4_Results_fmriprep25_test/llama/13B/base/layer19/base_subj5_corrlh.npy
13B,6,19,"(10242,)",-0.0042002165268820515,-0.004484378636153193,0.007431369388439111,-0.11110455375063177,0.09373902826600533,0,0,0.0,0.11316149189611405,/media/i9a2/WindowsData/Wsh/Brain_LLM_Project/4_Results_fmriprep25_test/llama/13B/base/layer19/base_subj6_corrlh.npy
13B,7,19,"(10242,)",0.048235142140852526,0.05078298707347366,0.01360398237307542,-0.07561007922987249,0.10615958742642657,0,0,0.0,0.9780316344463972,/media/i9a2/WindowsData/Wsh/Brain_LLM_Project/4_Results_fmriprep25_test/llama/13B/base/layer19/base_subj7_corrlh.npy
13B,8,19,"(10242,)",0.1858307624931964,0.2034846356821331,0.06699479140848141,-0.22665683066709724,0.2588610921488918,0,0,0.0,0.9594805702011326,/media/i9a2/WindowsData/Wsh/Brain_LLM_Project/4_Results_fmriprep25_test/llama/13B/base/layer19/base_subj8_corrlh.npy
13B,4,2,"(10242,)",0.07275785631487401,0.07801592224468556,0.021024728331745696,-0.11891759738771802,0.11698290111108689,0,0,0.0,0.9754930677602031,/media/i9a2/WindowsData/Wsh/Brain_LLM_Project/4_Results_fmriprep25_test/llama/13B/base/layer2/base_subj4_corrlh.npy
13B,5,2,"(10242,)",0.11935371550746172,0.13748857555089758,0.05246237720970484,-0.1597574090945587,0.19067837271373814,0,0,0.0,0.9402460456942003,/media/i9a2/WindowsData/Wsh/Brain_LLM_Project/4_Results_fmriprep25_test/llama/13B/base/layer2/base_subj5_corrlh.npy
13B,6,2,"(10242,)",0.029370646734381393,0.02988201823749531,0.011429601618521378,-0.07180501207383513,0.14203479628212268,0,0,0.0,0.9810583870337825,/media/i9a2/WindowsData/Wsh/Brain_LLM_Project/4_Results_fmriprep25_test/llama/13B/base/layer2/base_subj6_corrlh.npy
13B,7,2,"(10242,)",0.13212586515636057,0.13960799876926341,0.03266609970558255,-0.1720163364412533,0.19975023445778825,0,0,0.0,0.9789103690685413,/media/i9a2/WindowsData/Wsh/Brain_LLM_Project/4_Results_fmriprep25_test/llama/13B/base/layer2/base_subj7_corrlh.npy
13B,8,2,"(10242,)",0.2196630179943506,0.2407174784615032,0.07847895365247307,-0.2514860128648577,0.3038006579850585,0,0,0.0,0.9598711189220855,/media/i9a2/WindowsData/Wsh/Brain_LLM_Project/4_Results_fmriprep25_test/llama/13B/base/layer2/base_subj8_corrlh.npy
13B,4,20,"(10242,)",0.0714061149876456,0.07609536639303897,0.019818399776019128,-0.1056230746789488,0.13159615358311422,0,0,0.0,0.9784221831673501,/media/i9a2/WindowsData/Wsh/Brain_LLM_Project/4_Results_fmriprep25_test/llama/13B/base/layer20/base_subj4_corrlh.npy
13B,5,20,"(10242,)",0.11370974791115435,0.1326310412093334,0.052318932233305575,-0.1664958886410439,0.1789636265160232,0,0,0.0,0.9360476469439563,/media/i9a2/WindowsData/Wsh/Brain_LLM_Project/4_Results_fmriprep25_test/llama/13B/base/layer20/base_subj5_corrlh.npy
13B,6,20,"(10242,)",0.02859546653872258,0.030972359039163705,0.013921521407852069,-0.14056726108599635,0.09960046217811849,0,0,0.0,0.9582112868580356,/media/i9a2/WindowsData/Wsh/Brain_LLM_Project/4_Results_fmriprep25_test/llama/13B/base/layer20/base_subj6_corrlh.npy
13B,7,20,"(10242,)",0.05928571635839804,0.06146689981557602,0.01645846506477606,-0.15101678557216158,0.13116662735044143,0,0,0.0,0.9798867408709236,/media/i9a2/WindowsData/Wsh/Brain_LLM_Project/4_Results_fmriprep25_test/llama/13B/base/layer20/base_subj7_corrlh.npy
13B,8,20,"(10242,)",0.16892163654984788,0.1818171881161666,0.052452262642857475,-0.17397272418636806,0.25719764280450574,0,0,0.0,0.9658269869166178,/media/i9a2/WindowsData/Wsh/Brain_LLM_Project/4_Results_fmriprep25_test/llama/13B/base/layer20/base_subj8_corrlh.npy
13B,4,21,"(10242,)",0.025793815022729476,0.02767255491439983,0.01568929931452114,-0.09463015877777006,0.12231138085790551,0,0,0.0,0.9497168521773092,/media/i9a2/WindowsData/Wsh/Brain_LLM_Project/4_Results_fmriprep25_test/llama/13B/base/layer21/base_subj4_corrlh.npy
13B,5,21,"(10242,)",0.08163273731896618,0.09580655410818203,0.04120401790392841,-0.15881017349838036,0.17755686561797593,0,0,0.0,0.9336067174380004,/media/i9a2/WindowsData/Wsh/Brain_LLM_Project/4_Results_fmriprep25_test/llama/13B/base/layer21/base_subj5_corrlh.npy
13B,6,21,"(10242,)",0.002165569020404696,0.003582250752869787,0.010653235021725747,-0.08869023150703381,0.07706672660594827,0,0,0.0,0.7632298379222808,/media/i9a2/WindowsData/Wsh/Brain_LLM_Project/4_Results_fmriprep25_test/llama/13B/base/layer21/base_subj6_corrlh.npy
13B,7,21,"(10242,)",0.046072128387584094,0.04885324848272429,0.014552282312427002,-0.09302217843136036,0.1417986382691671,0,0,0.0,0.9765670767428236,/media/i9a2/WindowsData/Wsh/Brain_LLM_Project/4_Results_fmriprep25_test/llama/13B/base/layer21/base_subj7_corrlh.npy
13B,8,21,"(10242,)",0.22390317978457755,0.24440378183175226,0.0774065414325046,-0.2724227005773622,0.3333559647064378,0,0,0.0,0.9605545791837532,/media/i9a2/WindowsData/Wsh/Brain_LLM_Project/4_Results_fmriprep25_test/llama/13B/base/layer21/base_subj8_corrlh.npy
13B,4,22,"(10242,)",0.07659690736288689,0.08056390000807537,0.021926463159483756,-0.11349381970529022,0.13773658191260402,0,0,0.0,0.9789103690685413,/media/i9a2/WindowsData/Wsh/Brain_LLM_Project/4_Results_fmriprep25_test/llama/13B/base/layer22/base_subj4_corrlh.npy
13B,5,22,"(10242,)",0.08465581987913336,0.10079493175072984,0.049453157693485066,-0.21480930085757918,0.20538106088838504,0,0,0.0,0.9228666276117946,/media/i9a2/WindowsData/Wsh/Brain_LLM_Project/4_Results_fmriprep25_test/llama/13B/base/layer22/base_subj5_corrlh.npy
13B,6,22,"(10242,)",0.006082519340146486,0.007080782846106858,0.013052420060522856,-0.11206373392688444,0.11586748213757392,0,0,0.0,0.8796133567662566,/media/i9a2/WindowsData/Wsh/Brain_LLM_Project/4_Results_fmriprep25_test/llama/13B/base/layer22/base_subj6_corrlh.npy
13B,7,22,"(10242,)",0.06056490975738812,0.06496569193140049,0.018924573687073218,-0.09796297353585953,0.13287231519154927,0,0,0.0,0.9741261472368677,/media/i9a2/WindowsData/Wsh/Brain_LLM_Project/4_Results_fmriprep25_test/llama/13B/base/layer22/base_subj7_corrlh.npy
13B,8,22,"(10242,)",0.13256896724785616,0.14786762854823884,0.053945045699521285,-0.1764972845337515,0.19798420859626686,0,0,0.0,0.9532317906658856,/media/i9a2/WindowsData/Wsh/Brain_LLM_Project/4_Results_fmriprep25_test/llama/13B/base/layer22/base_subj8_corrlh.npy
13B,4,23,"(10242,)",0.0619075802965241,0.06712634611167007,0.020057992106881667,-0.11377218616559906,0.1408850439641784,0,0,0.0,0.969634836945909,/media/i9a2/WindowsData/Wsh/Brain_LLM_Project/4_Results_fmriprep25_test/llama/13B/base/layer23/base_subj4_corrlh.npy
13B,5,23,"(10242,)",0.008881975830205854,0.010188292402273397,0.01392480505332167,-0.1290113897923046,0.11927717547796193,0,0,0.0,0.8854715875805507,/media/i9a2/WindowsData/Wsh/Brain_LLM_Project/4_Results_fmriprep25_test/llama/13B/base/layer23/base_subj5_corrlh.npy
13B,6,23,"(10242,)",0.001671535491249163,0.0020973761902769524,0.008882174834335536,-0.12256845310712804,0.10919348164225647,0,0,0.0,0.7830501855106424,/media/i9a2/WindowsData/Wsh/Brain_LLM_Project/4_Results_fmriprep25_test/llama/13B/base/layer23/base_subj6_corrlh.npy
13B,7,23,"(10242,)",0.05263010998218647,0.056699635597906965,0.019171342410058106,-0.11422225216003823,0.1332020684612377,0,0,0.0,0.9674868189806678,/media/i9a2/WindowsData/Wsh/Brain_LLM_Project/4_Results_fmriprep25_test/llama/13B/base/layer23/base_subj7_corrlh.npy
13B,8,23,"(10242,)",0.1769173097730617,0.19680028928366555,0.07193941908290885,-0.2546778913905909,0.26360241955945607,0,0,0.0,0.9544034368287444,/media/i9a2/WindowsData/Wsh/Brain_LLM_Project/4_Results_fmriprep25_test/llama/13B/base/layer23/base_subj8_corrlh.npy
13B,4,24,"(10242,)",0.04562244920918645,0.04949845956087248,0.018507392945302483,-0.14412175013105316,0.14433217971696055,0,0,0.0,0.9661198984573326,/media/i9a2/WindowsData/Wsh/Brain_LLM_Project/4_Results_fmriprep25_test/llama/13B/base/layer24/base_subj4_corrlh.npy
13B,5,24,"(10242,)",0.10063793665364154,0.11469398451556179,0.04041801913432224,-0.12799691000293634,0.1614253231804195,0,0,0.0,0.9506932239796915,/media/i9a2/WindowsData/Wsh/Brain_LLM_Project/4_Results_fmriprep25_test/llama/13B/base/layer24/base_subj5_corrlh.npy
13B,6,24,"(10242,)",-0.04352170294098077,-0.046535320028733784,0.013505873910975873,-0.0957495840491267,0.09682766427606358,0,0,0.0,0.02792423354813513,/media/i9a2/WindowsData/Wsh/Brain_LLM_Project/4_Results_fmriprep25_test/llama/13B/base/layer24/base_subj6_corrlh.npy
13B,7,24,"(10242,)",0.030293011814491375,0.03231557297695758,0.01124407194898184,-0.0772330888988939,0.10365155561382172,0,0,0.0,0.9697324741261473,/media/i9a2/WindowsData/Wsh/Brain_LLM_Project/4_Results_fmriprep25_test/llama/13B/base/layer24/base_subj7_corrlh.npy
13B,8,24,"(10242,)",0.12292216079449633,0.1345975496834886,0.04535422345180215,-0.19527008871487486,0.22157568826626353,0,0,0.0,0.960066393282562,/media/i9a2/WindowsData/Wsh/Brain_LLM_Project/4_Results_fmriprep25_test/llama/13B/base/layer24/base_subj8_corrlh.npy
13B,4,25,"(10242,)",0.007729454816610252,0.007687940807892426,0.01650499833603653,-0.12341338169458058,0.1416331635930922,0,0,0.0,0.8390939269673892,/media/i9a2/WindowsData/Wsh/Brain_LLM_Project/4_Results_fmriprep25_test/llama/13B/base/layer25/base_subj4_corrlh.npy
13B,5,25,"(10242,)",0.0561299365726594,0.0624220950917439,0.025529274247788367,-0.19332606038796749,0.1448758163771952,0,0,0.0,0.947568834212068,/media/i9a2/WindowsData/Wsh/Brain_LLM_Project/4_Results_fmriprep25_test/llama/13B/base/layer25/base_subj5_corrlh.npy
13B,6,25,"(10242,)",-0.018456721137316615,-0.019922021242992617,0.00972650762743546,-0.07951917325019905,0.10615215012412382,0,0,0.0,0.0396406951767233,/media/i9a2/WindowsData/Wsh/Brain_LLM_Project/4_Results_fmriprep25_test/llama/13B/base/layer25/base_subj6_corrlh.npy
13B,7,25,"(10242,)",0.0580137755348864,0.06143042659625829,0.017707625499253674,-0.12369594619208231,0.147389982326637,0,0,0.0,0.9737355985159148,/media/i9a2/WindowsData/Wsh/Brain_LLM_Project/4_Results_fmriprep25_test/llama/13B/base/layer25/base_subj7_corrlh.npy
13B,8,25,"(10242,)",0.13352747854660274,0.1478441050924853,0.054020530924899515,-0.19661358454493955,0.24005033743682497,0,0,0.0,0.9550868970904121,/media/i9a2/WindowsData/Wsh/Brain_LLM_Project/4_Results_fmriprep25_test/llama/13B/base/layer25/base_subj8_corrlh.npy
13B,4,26,"(10242,)",0.03361947515167514,0.03777402057433084,0.0214730559244094,-0.16868558136422995,0.16387537925475798,0,0,0.0,0.9426869752001562,/media/i9a2/WindowsData/Wsh/Brain_LLM_Project/4_Results_fmriprep25_test/llama/13B/base/layer26/base_subj4_corrlh.npy
13B,5,26,"(10242,)",0.09820747975177957,0.11177018920030904,0.041427254265589006,-0.21436618446093175,0.20002265835754368,0,0,0.0,0.9490333919156415,/media/i9a2/WindowsData/Wsh/Brain_LLM_Project/4_Results_fmriprep25_test/llama/13B/base/layer26/base_subj5_corrlh.npy
13B,6,26,"(10242,)",0.05386031010015523,0.05725261926612919,0.017553462346991344,-0.16213605717249369,0.14369471289337263,0,0,0.0,0.9756883421206796,/media/i9a2/WindowsData/Wsh/Brain_LLM_Project/4_Results_fmriprep25_test/llama/13B/base/layer26/base_subj6_corrlh.npy
13B,7,26,"(10242,)",0.022050176867858557,0.022834033768311644,0.009937419487946485,-0.12878679690951172,0.12597973053680192,0,0,0.0,0.9747119703182973,/media/i9a2/WindowsData/Wsh/Brain_LLM_Project/4_Results_fmriprep25_test/llama/13B/base/layer26/base_subj7_corrlh.npy
13B,8,26,"(10242,)",0.11771058441296516,0.12941868015017122,0.04384792890379465,-0.19153926489709955,0.18689970283806076,0,0,0.0,0.958797109939465,/media/i9a2/WindowsData/Wsh/Brain_LLM_Project/4_Results_fmriprep25_test/llama/13B/base/layer26/base_subj8_corrlh.npy
13B,4,27,"(10242,)",0.09935917525013689,0.10851339973135646,0.03268895564343938,-0.16225071548022998,0.19623470503792365,0,0,0.0,0.9685608279632885,/media/i9a2/WindowsData/Wsh/Brain_LLM_Project/4_Results_fmriprep25_test/llama/13B/base/layer27/base_subj4_corrlh.npy
13B,5,27,"(10242,)",0.01754953221182147,0.016465461054301855,0.018402555897786013,-0.11499528377952857,0.17889717074108105,0,0,0.0,0.9117359890646358,/media/i9a2/WindowsData/Wsh/Brain_LLM_Project/4_Results_fmriprep25_test/llama/13B/base/layer27/base_subj5_corrlh.npy
13B,6,27,"(10242,)",-0.03227552571018,-0.034013461882958465,0.009130985538273871,-0.07919708085489277,0.0554946838273956,0,0,0.0,0.0188439757859793,/media/i9a2/WindowsData/Wsh/Brain_LLM_Project/4_Results_fmriprep25_test/llama/13B/base/layer27/base_subj6_corrlh.npy
13B,7,27,"(10242,)",0.04480662516394782,0.046809754091276204,0.01347471203699356,-0.09089711611215368,0.1107622692756384,0,0,0.0,0.9767623511033001,/media/i9a2/WindowsData/Wsh/Brain_LLM_Project/4_Results_fmriprep25_test/llama/13B/base/layer27/base_subj7_corrlh.npy
13B,8,27,"(10242,)",0.08825512078312202,0.09729896790208646,0.03471061153484938,-0.14696009832151774,0.1746198862662732,0,0,0.0,0.9579183753173208,/media/i9a2/WindowsData/Wsh/Brain_LLM_Project/4_Results_fmriprep25_test/llama/13B/base/layer27/base_subj8_corrlh.npy
13B,4,28,"(10242,)",0.05392684336622033,0.0597958706044852,0.024803609461915337,-0.1677368818364941,0.1810060546522897,0,0,0.0,0.9586018355789885,/media/i9a2/WindowsData/Wsh/Brain_LLM_Project/4_Results_fmriprep25_test/llama/13B/base/layer28/base_subj4_corrlh.npy
13B,5,28,"(10242,)",-0.01827340342751399,-0.01791709568125499,0.0178366554925814,-0.24610227333138307,0.10797420084924764,0,0,0.0,0.070298769771529,/media/i9a2/WindowsData/Wsh/Brain_LLM_Project/4_Results_fmriprep25_test/llama/13B/base/layer28/base_subj5_corrlh.npy
13B,6,28,"(10242,)",0.00882324717264429,0.010211757264755494,0.00965649938302295,-0.09957896901620567,0.07486188971452837,0,0,0.0,0.9273579379027533,/media/i9a2/WindowsData/Wsh/Brain_LLM_Project/4_Results_fmriprep25_test/llama/13B/base/layer28/base_subj6_corrlh.npy
13B,7,28,"(10242,)",0.011557021980103973,0.011348349529184325,0.008829710351700933,-0.11823772008604642,0.1113586254912244,0,0,0.0,0.9553798086311267,/media/i9a2/WindowsData/Wsh/Brain_LLM_Project/4_Results_fmriprep25_test/llama/13B/base/layer28/base_subj7_corrlh.npy
13B,8,28,"(10242,)",0.1613818718643509,0.17681997399243243,0.05619458018429185,-0.19878669259309206,0.21968026548625336,0,0,0.0,0.9618238625268503,/media/i9a2/WindowsData/Wsh/Brain_LLM_Project/4_Results_fmriprep25_test/llama/13B/base/layer28/base_subj8_corrlh.npy
13B,4,29,"(10242,)",0.08324359092542777,0.09134933401641353,0.03161371235020372,-0.18139722759956595,0.1810039703795503,0,0,0.0,0.9647529779339973,/media/i9a2/WindowsData/Wsh/Brain_LLM_Project/4_Results_fmriprep25_test/llama/13B/base/layer29/base_subj4_corrlh.npy
13B,5,29,"(10242,)",0.08703604951820379,0.10043769910521602,0.04094039556943421,-0.2146851302734688,0.18220767673123545,0,0,0.0,0.9366334700253857,/media/i9a2/WindowsData/Wsh/Brain_LLM_Project/4_Results_fmriprep25_test/llama/13B/base/layer29/base_subj5_corrlh.npy
13B,6,29,"(10242,)",-0.00683186313316243,-0.006366805582233542,0.009405125551933265,-0.10037329287248484,0.11306948520292208,0,0,0.0,0.10232376488966999,/media/i9a2/WindowsData/Wsh/Brain_LLM_Project/4_Results_fmriprep25_test/llama/13B/base/layer29/base_subj6_corrlh.npy
13B,7,29,"(10242,)",0.04646028082795465,0.04955435851243877,0.015509351833812692,-0.10213563804612719,0.09708712951208918,0,0,0.0,0.9715875805506737,/media/i9a2/WindowsData/Wsh/Brain_LLM_Project/4_Results_fmriprep25_test/llama/13B/base/layer29/base_subj7_corrlh.npy
13B,8,29,"(10242,)",0.16592035118972795,0.18306549700105784,0.06173369012396247,-0.2098120072777953,0.24281852254025887,0,0,0.0,0.9571372778754149,/media/i9a2/WindowsData/Wsh/Brain_LLM_Project/4_Results_fmriprep25_test/llama/13B/base/layer29/base_subj8_corrlh.npy
13B,4,3,"(10242,)",0.04350760765914772,0.044861807356521344,0.0190076662005725,-0.15265772977543973,0.16314014174326952,0,0,0.0,0.969634836945909,/media/i9a2/WindowsData/Wsh/Brain_LLM_Project/4_Results_fmriprep25_test/llama/13B/base/layer3/base_subj4_corrlh.npy
13B,5,3,"(10242,)",0.09408576452290433,0.11010988284924905,0.046410407391742285,-0.1906660217492953,0.1991897070913073,0,0,0.0,0.9340949033391915,/media/i9a2/WindowsData/Wsh/Brain_LLM_Project/4_Results_fmriprep25_test/llama/13B/base/layer3/base_subj5_corrlh.npy
13B,6,3,"(10242,)",0.0011508667238826706,0.0030159950252995438,0.01806920787451378,-0.1440852060866758,0.1457748823782841,0,0,0.0,0.6692052333528608,/media/i9a2/WindowsData/Wsh/Brain_LLM_Project/4_Results_fmriprep25_test/llama/13B/base/layer3/base_subj6_corrlh.npy
13B,7,3,"(10242,)",0.06267498527087467,0.06645655557016808,0.017508738517555092,-0.14677796282456526,0.1384638655437948,0,0,0.0,0.9787150947080648,/media/i9a2/WindowsData/Wsh/Brain_LLM_Project/4_Results_fmriprep25_test/llama/13B/base/layer3/base_subj7_corrlh.npy
13B,8,3,"(10242,)",0.18837548528790035,0.20590622417347781,0.06401827584248748,-0.20466101929512115,0.2510547528911322,0,0,0.0,0.9601640304628002,/media/i9a2/WindowsData/Wsh/Brain_LLM_Project/4_Results_fmriprep25_test/llama/13B/base/layer3/base_subj8_corrlh.npy
13B,4,30,"(10242,)",0.08528242072780609,0.09499828041502356,0.03520563476386526,-0.2848062971306581,0.28145283449113817,0,0,0.0,0.9603593048232767,/media/i9a2/WindowsData/Wsh/Brain_LLM_Project/4_Results_fmriprep25_test/llama/13B/base/layer30/base_subj4_corrlh.npy
13B,5,30,"(10242,)",0.017606592837937685,0.01946738969652906,0.01753101499872559,-0.13906118606720147,0.15240186588991167,0,0,0.0,0.9099785198203476,/media/i9a2/WindowsData/Wsh/Brain_LLM_Project/4_Results_fmriprep25_test/llama/13B/base/layer30/base_subj5_corrlh.npy
13B,6,30,"(10242,)",-0.013067541453887806,-0.01332976591493528,0.006964621004721039,-0.06242813170951475,0.061460598914625866,0,0,0.0,0.03309900410076157,/media/i9a2/WindowsData/Wsh/Brain_LLM_Project/4_Results_fmriprep25_test/llama/13B/base/layer30/base_subj6_corrlh.npy
13B,7,30,"(10242,)",0.07194652556429859,0.07562747188911126,0.01775324443988132,-0.14574665113700572,0.2306525412463919,0,0,0.0,0.9824253075571178,/media/i9a2/WindowsData/Wsh/Brain_LLM_Project/4_Results_fmriprep25_test/llama/13B/base/layer30/base_subj7_corrlh.npy
13B,8,30,"(10242,)",0.11975779233525087,0.13373046655968274,0.05063882509006171,-0.201587823811278,0.2586741296528238,0,0,0.0,0.9520601445030268,/media/i9a2/WindowsData/Wsh/Brain_LLM_Project/4_Results_fmriprep25_test/llama/13B/base/layer30/base_subj8_corrlh.npy
13B,4,31,"(10242,)",0.011339908363575575,0.010689189658886338,0.020152624441431725,-0.15949899064394835,0.12561184059962344,0,0,0.0,0.8408513962116774,/media/i9a2/WindowsData/Wsh/Brain_LLM_Project/4_Results_fmriprep25_test/llama/13B/base/layer31/base_subj4_corrlh.npy
13B,5,31,"(10242,)",0.0358753819177983,0.03827088692168713,0.021357943552013342,-0.15419342986031787,0.1487079002109008,0,0,0.0,0.9450302675258738,/media/i9a2/WindowsData/Wsh/Brain_LLM_Project/4_Results_fmriprep25_test/llama/13B/base/layer31/base_subj5_corrlh.npy
13B,6,31,"(10242,)",-0.006816243067314088,-0.007690097529400095,0.00611478328749382,-0.046201660204821186,0.0546894295489321,0,0,0.0,0.06531927357937903,/media/i9a2/WindowsData/Wsh/Brain_LLM_Project/4_Results_fmriprep25_test/llama/13B/base/layer31/base_subj6_corrlh.npy
13B,7,31,"(10242,)",0.08250663829523666,0.08796794317792461,0.02246504938075148,-0.11158156514715395,0.140421827164282,0,0,0.0,0.9780316344463972,/media/i9a2/WindowsData/Wsh/Brain_LLM_Project/4_Results_fmriprep25_test/llama/13B/base/layer31/base_subj7_corrlh.npy
13B,8,31,"(10242,)",0.08573290396623709,0.09415389146438846,0.03058305513465539,-0.12494963860679299,0.1453527075065399,0,0,0.0,0.9599687561023238,/media/i9a2/WindowsData/Wsh/Brain_LLM_Project/4_Results_fmriprep25_test/llama/13B/base/layer31/base_subj8_corrlh.npy
13B,4,32,"(10242,)",0.10655082357848793,0.11704413721034528,0.030439878605053573,-0.13912024121059574,0.1535212289745353,0,0,0.0,0.9753954305799648,/media/i9a2/WindowsData/Wsh/Brain_LLM_Project/4_Results_fmriprep25_test/llama/13B/base/layer32/base_subj4_corrlh.npy
13B,5,32,"(10242,)",0.01740540935828931,0.021355300044037323,0.034862969998201494,-0.26253263448445274,0.22478842902198004,0,0,0.0,0.8071665690294865,/media/i9a2/WindowsData/Wsh/Brain_LLM_Project/4_Results_fmriprep25_test/llama/13B/base/layer32/base_subj5_corrlh.npy
13B,6,32,"(10242,)",-0.011809457931899532,-0.013099553901134478,0.0071868076654008186,-0.05560687419555337,0.07639202790949964,0,0,0.0,0.04940441320054677,/media/i9a2/WindowsData/Wsh/Brain_LLM_Project/4_Results_fmriprep25_test/llama/13B/base/layer32/base_subj6_corrlh.npy
13B,7,32,"(10242,)",0.05667122208979045,0.059345382248336236,0.01557091586209443,-0.11610595938182641,0.13917936565854871,0,0,0.0,0.9815465729349736,/media/i9a2/WindowsData/Wsh/Brain_LLM_Project/4_Results_fmriprep25_test/llama/13B/base/layer32/base_subj7_corrlh.npy
13B,8,32,"(10242,)",0.1399007475781293,0.15650976551993284,0.05802205134834948,-0.23204269115798165,0.23423755838757981,0,0,0.0,0.9528412419449326,/media/i9a2/WindowsData/Wsh/Brain_LLM_Project/4_Results_fmriprep25_test/llama/13B/base/layer32/base_subj8_corrlh.npy
13B,4,33,"(10242,)",0.0826049900486699,0.09056030017093983,0.026720073384616728,-0.11413714291571675,0.14290301981304768,0,0,0.0,0.9685608279632885,/media/i9a2/WindowsData/Wsh/Brain_LLM_Project/4_Results_fmriprep25_test/llama/13B/base/layer33/base_subj4_corrlh.npy
13B,5,33,"(10242,)",0.08707589080508608,0.09608910553994081,0.039144826908219556,-0.23679719717619924,0.21672810836558398,0,0,0.0,0.9522554188635032,/media/i9a2/WindowsData/Wsh/Brain_LLM_Project/4_Results_fmriprep25_test/llama/13B/base/layer33/base_subj5_corrlh.npy
13B,6,33,"(10242,)",-0.027631158886135165,-0.029289637020186887,0.006943868137686771,-0.056504963021386884,0.04260926391745027,0,0,0.0,0.018941612966217537,/media/i9a2/WindowsData/Wsh/Brain_LLM_Project/4_Results_fmriprep25_test/llama/13B/base/layer33/base_subj6_corrlh.npy
13B,7,33,"(10242,)",0.04893258654273113,0.05040210630583565,0.017436141379796766,-0.13675559742142035,0.28407822983982245,0,0,0.0,0.9809607498535442,/media/i9a2/WindowsData/Wsh/Brain_LLM_Project/4_Results_fmriprep25_test/llama/13B/base/layer33/base_subj7_corrlh.npy
13B,8,33,"(10242,)",0.11668837028357537,0.12923995946622877,0.04335833854698143,-0.16997542087163361,0.19253764144983002,0,0,0.0,0.958797109939465,/media/i9a2/WindowsData/Wsh/Brain_LLM_Project/4_Results_fmriprep25_test/llama/13B/base/layer33/base_subj8_corrlh.npy
13B,4,34,"(10242,)",0.098639534402016,0.10757536544665386,0.031210214459867495,-0.15456058851825416,0.15423996242988816,0,0,0.0,0.9716852177309119,/media/i9a2/WindowsData/Wsh/Brain_LLM_Project/4_Results_fmriprep25_test/llama/13B/base/layer34/base_subj4_corrlh.npy
13B,5,34,"(10242,)",0.0709614634904312,0.07762494259357472,0.03290634083312469,-0.1707781957428531,0.1802565724416295,0,0,0.0,0.9509861355204061,/media/i9a2/WindowsData/Wsh/Brain_LLM_Project/4_Results_fmriprep25_test/llama/13B/base/layer34/base_subj5_corrlh.npy
13B,6,34,"(10242,)",-0.009774912250336752,-0.010079856404697518,0.007553276302818666,-0.06983663167320454,0.11297454261529032,0,0,0.0,0.05301698886936145,/media/i9a2/WindowsData/Wsh/Brain_LLM_Project/4_Results_fmriprep25_test/llama/13B/base/layer34/base_subj6_corrlh.npy
13B,7,34,"(10242,)",0.04658658439431334,0.048755528411567536,0.012287791465639228,-0.11830062386557583,0.12427153152250278,0,0,0.0,0.9835969537199766,/media/i9a2/WindowsData/Wsh/Brain_LLM_Project/4_Results_fmriprep25_test/llama/13B/base/layer34/base_subj7_corrlh.npy
13B,8,34,"(10242,)",0.12456512785653033,0.13955528042361667,0.05017461711215642,-0.17775599576560253,0.2040352152358173,0,0,0.0,0.9528412419449326,/media/i9a2/WindowsData/Wsh/Brain_LLM_Project/4_Results_fmriprep25_test/llama/13B/base/layer34/base_subj8_corrlh.npy
13B,4,35,"(10242,)",0.02274745333912527,0.023652959112896752,0.012969518148939119,-0.18015921677277974,0.11099794752661944,0,0,0.0,0.9622144112478032,/media/i9a2/WindowsData/Wsh/Brain_LLM_Project/4_Results_fmriprep25_test/llama/13B/base/layer35/base_subj4_corrlh.npy
13B,5,35,"(10242,)",0.062179123597794594,0.07422249900405994,0.03795402401538228,-0.21763745504850196,0.1524833437125545,0,0,0.0,0.9298965045889475,/media/i9a2/WindowsData/Wsh/Brain_LLM_Project/4_Results_fmriprep25_test/llama/13B/base/layer35/base_subj5_corrlh.npy
13B,6,35,"(10242,)",0.033416666740113864,0.0355908381627152,0.012472655693184068,-0.15773592446478385,0.1076438876331884,0,0,0.0,0.9720757664518649,/media/i9a2/WindowsData/Wsh/Brain_LLM_Project/4_Results_fmriprep25_test/llama/13B/base/layer35/base_subj6_corrlh.npy
13B,7,35,"(10242,)",0.043999313728780284,0.04620896685515388,0.01271633027586643,-0.09355598656251521,0.10921542758921887,0,0,0.0,0.9790080062487795,/media/i9a2/WindowsData/Wsh/Brain_LLM_Project/4_Results_fmriprep25_test/llama/13B/base/layer35/base_subj7_corrlh.npy
13B,8,35,"(10242,)",0.1633288886226934,0.17894268284014891,0.057214785193637575,-0.17201571606675745,0.23251891302759867,0,0,0.0,0.9598711189220855,/media/i9a2/WindowsData/Wsh/Brain_LLM_Project/4_Results_fmriprep25_test/llama/13B/base/layer35/base_subj8_corrlh.npy
13B,4,36,"(10242,)",0.023534445970967217,0.02446575025367294,0.011658237110289108,-0.10738004248837607,0.12343428313044474,0,0,0.0,0.9687561023237649,/media/i9a2/WindowsData/Wsh/Brain_LLM_Project/4_Results_fmriprep25_test/llama/13B/base/layer36/base_subj4_corrlh.npy
13B,5,36,"(10242,)",0.041207594196002735,0.045767265796953456,0.026638328215091937,-0.1860608287451434,0.169867351523977,0,0,0.0,0.9364381956649092,/media/i9a2/WindowsData/Wsh/Brain_LLM_Project/4_Results_fmriprep25_test/llama/13B/base/layer36/base_subj5_corrlh.npy
13B,6,36,"(10242,)",0.005174346759423078,0.0052184921380751415,0.0068949537843393085,-0.07461291779091662,0.12768797443989088,0,0,0.0,0.9312634251122828,/media/i9a2/WindowsData/Wsh/Brain_LLM_Project/4_Results_fmriprep25_test/llama/13B/base/layer36/base_subj6_corrlh.npy
13B,7,36,"(10242,)",0.06221864390139737,0.06813710041574002,0.02510344235776432,-0.18603017214223502,0.12861591672878941,0,0,0.0,0.9640695176723296,/media/i9a2/WindowsData/Wsh/Brain_LLM_Project/4_Results_fmriprep25_test/llama/13B/base/layer36/base_subj7_corrlh.npy
13B,8,36,"(10242,)",0.12589624506947605,0.13911837318573445,0.046533183526027824,-0.1726993069666946,0.18269232026752236,0,0,0.0,0.9570396406951768,/media/i9a2/WindowsData/Wsh/Brain_LLM_Project/4_Results_fmriprep25_test/llama/13B/base/layer36/base_subj8_corrlh.npy
13B,4,37,"(10242,)",0.08833124028456724,0.09520428503629089,0.030515047125483277,-0.19954358332975242,0.2047914026496375,0,0,0.0,0.9694395625854325,/media/i9a2/WindowsData/Wsh/Brain_LLM_Project/4_Results_fmriprep25_test/llama/13B/base/layer37/base_subj4_corrlh.npy
13B,5,37,"(10242,)",0.08338243748548221,0.09231672747737373,0.03592933001229703,-0.16110332631641136,0.23881240850008312,0,0,0.0,0.9476664713923062,/media/i9a2/WindowsData/Wsh/Brain_LLM_Project/4_Results_fmriprep25_test/llama/13B/base/layer37/base_subj5_corrlh.npy
13B,6,37,"(10242,)",0.013045553248447696,0.014018856744383948,0.009058062125675158,-0.09109428809929018,0.1022720928270473,0,0,0.0,0.9501074008982621,/media/i9a2/WindowsData/Wsh/Brain_LLM_Project/4_Results_fmriprep25_test/llama/13B/base/layer37/base_subj6_corrlh.npy
13B,7,37,"(10242,)",0.07394244467489133,0.0783454317813281,0.02204052943107024,-0.13942863997485475,0.147367267666233,0,0,0.0,0.9764694395625855,/media/i9a2/WindowsData/Wsh/Brain_LLM_Project/4_Results_fmriprep25_test/llama/13B/base/layer37/base_subj7_corrlh.npy
13B,8,37,"(10242,)",0.1974837942236825,0.2179526719394222,0.07562607699307926,-0.26022171791163856,0.3023005209538009,0,0,0.0,0.9569420035149385,/media/i9a2/WindowsData/Wsh/Brain_LLM_Project/4_Results_fmriprep25_test/llama/13B/base/layer37/base_subj8_corrlh.npy
13B,4,38,"(10242,)",0.09194341055989828,0.09963719188712314,0.029099250136209884,-0.1765679648536076,0.15631407947471662,0,0,0.0,0.9713923061901972,/media/i9a2/WindowsData/Wsh/Brain_LLM_Project/4_Results_fmriprep25_test/llama/13B/base/layer38/base_subj4_corrlh.npy
13B,5,38,"(10242,)",0.053593247213392856,0.0606914116332889,0.028309146335829725,-0.14404169707779246,0.14142969394746602,0,0,0.0,0.9367311072056239,/media/i9a2/WindowsData/Wsh/Brain_LLM_Project/4_Results_fmriprep25_test/llama/13B/base/layer38/base_subj5_corrlh.npy
13B,6,38,"(10242,)",0.019884528181258933,0.021079301909340653,0.009711036095772384,-0.09647833040892825,0.10607646562991781,0,0,0.0,0.966315172817809,/media/i9a2/WindowsData/Wsh/Brain_LLM_Project/4_Results_fmriprep25_test/llama/13B/base/layer38/base_subj6_corrlh.npy
13B,7,38,"(10242,)",0.040387980244540225,0.04291681598884011,0.013309977663056742,-0.07903909839222958,0.11057986603698139,0,0,0.0,0.9735403241554383,/media/i9a2/WindowsData/Wsh/Brain_LLM_Project/4_Results_fmriprep25_test/llama/13B/base/layer38/base_subj7_corrlh.npy
13B,8,38,"(10242,)",0.14858534903980425,0.1651614700135361,0.06094708723965382,-0.22327976095755853,0.2529061860719387,0,0,0.0,0.9533294278461238,/media/i9a2/WindowsData/Wsh/Brain_LLM_Project/4_Results_fmriprep25_test/llama/13B/base/layer38/base_subj8_corrlh.npy
13B,4,39,"(10242,)",0.109912346664572,0.1170398057306359,0.031160634630961893,-0.16477843503241735,0.192799294269709,0,0,0.0,0.9752977933997267,/media/i9a2/WindowsData/Wsh/Brain_LLM_Project/4_Results_fmriprep25_test/llama/13B/base/layer39/base_subj4_corrlh.npy
13B,5,39,"(10242,)",0.10522380771737017,0.11598721387365088,0.04807509416753132,-0.17786091094670653,0.22883797386782626,0,0,0.0,0.9457137277875415,/media/i9a2/WindowsData/Wsh/Brain_LLM_Project/4_Results_fmriprep25_test/llama/13B/base/layer39/base_subj5_corrlh.npy
13B,6,39,"(10242,)",0.013354935360179582,0.013914637924193955,0.00799445876112813,-0.08176598297542381,0.08873458389826722,0,0,0.0,0.9607498535442296,/media/i9a2/WindowsData/Wsh/Brain_LLM_Project/4_Results_fmriprep25_test/llama/13B/base/layer39/base_subj6_corrlh.npy
13B,7,39,"(10242,)",0.051142256088290476,0.052880498700065046,0.012241518999703029,-0.0666879970019514,0.12520596052111832,0,0,0.0,0.9857449716852177,/media/i9a2/WindowsData/Wsh/Brain_LLM_Project/4_Results_fmriprep25_test/llama/13B/base/layer39/base_subj7_corrlh.npy
13B,8,39,"(10242,)",0.1925859035054277,0.2116048800892062,0.070465901618901,-0.23131517860241668,0.2589803089165015,0,0,0.0,0.9569420035149385,/media/i9a2/WindowsData/Wsh/Brain_LLM_Project/4_Results_fmriprep25_test/llama/13B/base/layer39/base_subj8_corrlh.npy
13B,4,4,"(10242,)",0.10792870617008808,0.11486614902272196,0.02719995138895996,-0.16568397938767268,0.15970339642305653,0,0,0.0,0.9801796524116384,/media/i9a2/WindowsData/Wsh/Brain_LLM_Project/4_Results_fmriprep25_test/llama/13B/base/layer4/base_subj4_corrlh.npy
13B,5,4,"(10242,)",0.11799535298592462,0.13791087175828676,0.056155632930311415,-0.16790385337030855,0.2509803931810616,0,0,0.0,0.9361452841241945,/media/i9a2/WindowsData/Wsh/Brain_LLM_Project/4_Results_fmriprep25_test/llama/13B/base/layer4/base_subj5_corrlh.npy
13B,6,4,"(10242,)",0.018669719759956967,0.02157109589402977,0.016972847584502536,-0.11675629386414044,0.135598626463794,0,0,0.0,0.9314586994727593,/media/i9a2/WindowsData/Wsh/Brain_LLM_Project/4_Results_fmriprep25_test/llama/13B/base/layer4/base_subj6_corrlh.npy
13B,7,4,"(10242,)",0.05019824949137566,0.054352709024134,0.02133903140897429,-0.14627252373870378,0.13005413271328534,0,0,0.0,0.964655340753759,/media/i9a2/WindowsData/Wsh/Brain_LLM_Project/4_Results_fmriprep25_test/llama/13B/base/layer4/base_subj7_corrlh.npy
13B,8,4,"(10242,)",0.16415538132037893,0.1809701550858621,0.0597308719778942,-0.2020175841180301,0.2288418000101533,0,0,0.0,0.9571372778754149,/media/i9a2/WindowsData/Wsh/Brain_LLM_Project/4_Results_fmriprep25_test/llama/13B/base/layer4/base_subj8_corrlh.npy
13B,4,5,"(10242,)",0.09273838095552853,0.10081964402443183,0.027054494916170017,-0.14965569732232342,0.13683595681081265,0,0,0.0,0.9741261472368677,/media/i9a2/WindowsData/Wsh/Brain_LLM_Project/4_Results_fmriprep25_test/llama/13B/base/layer5/base_subj4_corrlh.npy
13B,5,5,"(10242,)",0.06520837805023402,0.07245896157138554,0.0343588634516103,-0.3644503848701026,0.19152785659111748,0,0,0.0,0.9446397188049209,/media/i9a2/WindowsData/Wsh/Brain_LLM_Project/4_Results_fmriprep25_test/llama/13B/base/layer5/base_subj5_corrlh.npy
13B,6,5,"(10242,)",0.036505874826323,0.041235255815418,0.02326287883879221,-0.13667285806182716,0.13715174687546292,0,0,0.0,0.9432727982815856,/media/i9a2/WindowsData/Wsh/Brain_LLM_Project/4_Results_fmriprep25_test/llama/13B/base/layer5/base_subj6_corrlh.npy
13B,7,5,"(10242,)",0.04972467781434855,0.05155805800546251,0.016117309566139458,-0.13605226464335043,0.14103327737381838,0,0,0.0,0.9810583870337825,/media/i9a2/WindowsData/Wsh/Brain_LLM_Project/4_Results_fmriprep25_test/llama/13B/base/layer5/base_subj7_corrlh.npy
13B,8,5,"(10242,)",0.13852200660526262,0.1533465502040759,0.05305535399069325,-0.17501139818454473,0.19038631884392304,0,0,0.0,0.9547939855496973,/media/i9a2/WindowsData/Wsh/Brain_LLM_Project/4_Results_fmriprep25_test/llama/13B/base/layer5/base_subj8_corrlh.npy
13B,4,6,"(10242,)",0.08358803293325034,0.08917405710119047,0.02440073047180591,-0.12112743882639085,0.150487315933908,0,0,0.0,0.9747119703182973,/media/i9a2/WindowsData/Wsh/Brain_LLM_Project/4_Results_fmriprep25_test/llama/13B/base/layer6/base_subj4_corrlh.npy
13B,5,6,"(10242,)",0.062440440004694814,0.07151025680375306,0.028923908154859828,-0.12314846353700652,0.12006842674620552,0,0,0.0,0.9384885764499121,/media/i9a2/WindowsData/Wsh/Brain_LLM_Project/4_Results_fmriprep25_test/llama/13B/base/layer6/base_subj5_corrlh.npy
13B,6,6,"(10242,)",-0.007089719634754305,-0.007227567252866579,0.007278814821587927,-0.08508069076234243,0.06583896136671508,0,0,0.0,0.06453817613747315,/media/i9a2/WindowsData/Wsh/Brain_LLM_Project/4_Results_fmriprep25_test/llama/13B/base/layer6/base_subj6_corrlh.npy
13B,7,6,"(10242,)",0.07159349787203795,0.07623662261320094,0.021932508400323007,-0.11752973070316233,0.13123272892489687,0,0,0.0,0.9753954305799648,/media/i9a2/WindowsData/Wsh/Brain_LLM_Project/4_Results_fmriprep25_test/llama/13B/base/layer6/base_subj7_corrlh.npy
13B,8,6,"(10242,)",0.16118188154046698,0.17763913914548476,0.06055709862637687,-0.2134974436143791,0.21733120954996724,0,0,0.0,0.9580160124975591,/media/i9a2/WindowsData/Wsh/Brain_LLM_Project/4_Results_fmriprep25_test/llama/13B/base/layer6/base_subj8_corrlh.npy
13B,4,7,"(10242,)",0.11621492039897623,0.12474771032231508,0.03260481770224201,-0.1630395662885643,0.17945775945687065,0,0,0.0,0.9745166959578208,/media/i9a2/WindowsData/Wsh/Brain_LLM_Project/4_Results_fmriprep25_test/llama/13B/base/layer7/base_subj4_corrlh.npy
13B,5,7,"(10242,)",0.08760932671689092,0.10164045032963531,0.042466368909237065,-0.14996474454810113,0.18599518883244778,0,0,0.0,0.9371216559265768,/media/i9a2/WindowsData/Wsh/Brain_LLM_Project/4_Results_fmriprep25_test/llama/13B/base/layer7/base_subj5_corrlh.npy
13B,6,7,"(10242,)",0.031936602036643544,0.03487846435990666,0.014507072436476915,-0.10510433701064911,0.10695465678571092,0,0,0.0,0.9612380394454209,/media/i9a2/WindowsData/Wsh/Brain_LLM_Project/4_Results_fmriprep25_test/llama/13B/base/layer7/base_subj6_corrlh.npy
13B,7,7,"(10242,)",0.06820829890485947,0.07101347854900292,0.017232601385454432,-0.09313902962756004,0.1272099328639805,0,0,0.0,0.9809607498535442,/media/i9a2/WindowsData/Wsh/Brain_LLM_Project/4_Results_fmriprep25_test/llama/13B/base/layer7/base_subj7_corrlh.npy
13B,8,7,"(10242,)",0.19182046609310946,0.21227760384211766,0.0748141345499816,-0.23610370544352005,0.2778158321110278,0,0,0.0,0.9561609060730326,/media/i9a2/WindowsData/Wsh/Brain_LLM_Project/4_Results_fmriprep25_test/llama/13B/base/layer7/base_subj8_corrlh.npy
13B,4,8,"(10242,)",0.11192895429699316,0.1211087770804943,0.03323628172945661,-0.1450042167347269,0.17278706920084294,0,0,0.0,0.9727592267135325,/media/i9a2/WindowsData/Wsh/Brain_LLM_Project/4_Results_fmriprep25_test/llama/13B/base/layer8/base_subj4_corrlh.npy
13B,5,8,"(10242,)",0.11221188340343824,0.12682344616417293,0.04665278614078788,-0.17512115021100855,0.17374525978318894,0,0,0.0,0.9487404803749268,/media/i9a2/WindowsData/Wsh/Brain_LLM_Project/4_Results_fmriprep25_test/llama/13B/base/layer8/base_subj5_corrlh.npy
13B,6,8,"(10242,)",0.0013888688677589126,0.0010466046751725572,0.009282912273208483,-0.11997667908776903,0.10334140663996276,0,0,0.0,0.6487014255028315,/media/i9a2/WindowsData/Wsh/Brain_LLM_Project/4_Results_fmriprep25_test/llama/13B/base/layer8/base_subj6_corrlh.npy
13B,7,8,"(10242,)",0.08438744044275912,0.08828091003720662,0.018633495911452316,-0.12384269618557064,0.13698107834045994,0,0,0.0,0.9859402460456942,/media/i9a2/WindowsData/Wsh/Brain_LLM_Project/4_Results_fmriprep25_test/llama/13B/base/layer8/base_subj7_corrlh.npy
13B,8,8,"(10242,)",0.09922558263666308,0.10994560134726941,0.04092117413624561,-0.1921622782695443,0.17205650776251358,0,0,0.0,0.9560632688927944,/media/i9a2/WindowsData/Wsh/Brain_LLM_Project/4_Results_fmriprep25_test/llama/13B/base/layer8/base_subj8_corrlh.npy
13B,4,9,"(10242,)",0.10390396015140377,0.11337470849003427,0.03318663189441838,-0.16102084807627498,0.1625927743548267,0,0,0.0,0.9678773677016208,/media/i9a2/WindowsData/Wsh/Brain_LLM_Project/4_Results_fmriprep25_test/llama/13B/base/layer9/base_subj4_corrlh.npy
13B,5,9,"(10242,)",0.11049861107644178,0.12843683464781486,0.049696971009037576,-0.1743416944026004,0.17253738211317127,0,0,0.0,0.9397578597930092,/media/i9a2/WindowsData/Wsh/Brain_LLM_Project/4_Results_fmriprep25_test/llama/13B/base/layer9/base_subj5_corrlh.npy
13B,6,9,"(10242,)",0.022652364550257185,0.024894932667680437,0.014183151452187655,-0.12958940126355822,0.10599272395417103,0,0,0.0,0.9478617457527827,/media/i9a2/WindowsData/Wsh/Brain_LLM_Project/4_Results_fmriprep25_test/llama/13B/base/layer9/base_subj6_corrlh.npy
13B,7,9,"(10242,)",0.12582995359818058,0.13485738784383494,0.03863178283143973,-0.22102964383339468,0.22579689449173393,0,0,0.0,0.9717828549111501,/media/i9a2/WindowsData/Wsh/Brain_LLM_Project/4_Results_fmriprep25_test/llama/13B/base/layer9/base_subj7_corrlh.npy
13B,8,9,"(10242,)",0.19537555506937213,0.21487033116748494,0.07104304454926157,-0.2631093230514539,0.27521402494382075,0,0,0.0,0.9583089240382737,/media/i9a2/WindowsData/Wsh/Brain_LLM_Project/4_Results_fmriprep25_test/llama/13B/base/layer9/base_subj8_corrlh.npy
30B,4,27,"(10242,)",0.10470963602197643,0.11803040105113694,0.039001640537939086,-0.19506912794018413,0.2504550786517461,0,0,0.0,0.9590900214801796,/media/i9a2/WindowsData/Wsh/Brain_LLM_Project/4_Results_fmriprep25_test/llama/30B/base/layer27/base_subj4_corrlh.npy
30B,5,27,"(10242,)",0.046068998047420866,0.051854613587350246,0.02258618566550258,-0.13018906671725972,0.12587377544471073,0,0,0.0,0.942589338019918,/media/i9a2/WindowsData/Wsh/Brain_LLM_Project/4_Results_fmriprep25_test/llama/30B/base/layer27/base_subj5_corrlh.npy
30B,6,27,"(10242,)",-0.020966411613131855,-0.02089438102058197,0.010472553371897609,-0.10433977766845173,0.06340023967478452,0,0,0.0,0.028217145088849833,/media/i9a2/WindowsData/Wsh/Brain_LLM_Project/4_Results_fmriprep25_test/llama/30B/base/layer27/base_subj6_corrlh.npy
30B,7,27,"(10242,)",-5.7250771348170574e-05,0.00030335494385344075,0.008058301793298939,-0.11314381131693974,0.07966058035639459,0,0,0.0,0.5441320054676821,/media/i9a2/WindowsData/Wsh/Brain_LLM_Project/4_Results_fmriprep25_test/llama/30B/base/layer27/base_subj7_corrlh.npy
30B,8,27,"(10242,)",0.1490298657212785,0.16769601456670463,0.06243630557321094,-0.23200382726046562,0.23304952886117664,0,0,0.0,0.950888498340168,/media/i9a2/WindowsData/Wsh/Brain_LLM_Project/4_Results_fmriprep25_test/llama/30B/base/layer27/base_subj8_corrlh.npy
30B,4,0,"(10242,)",0.05767817319968295,0.06250856365018168,0.019224721976349987,-0.11123229757998176,0.11836295034199873,0,0,0.0,0.9708064831087678,/media/i9a2/WindowsData/Wsh/Brain_LLM_Project/4_Results_fmriprep25_test/llama/30B/base/layer0/base_subj4_corrlh.npy
30B,5,0,"(10242,)",0.09256833065192585,0.10526581445222208,0.039934855983945826,-0.13098905977036812,0.1495110765527426,0,0,0.0,0.9437609841827768,/media/i9a2/WindowsData/Wsh/Brain_LLM_Project/4_Results_fmriprep25_test/llama/30B/base/layer0/base_subj5_corrlh.npy
30B,6,0,"(10242,)",0.04883936216810913,0.05207989611152186,0.01547936621582207,-0.1142049925420412,0.12940425580964843,0,0,0.0,0.9708064831087678,/media/i9a2/WindowsData/Wsh/Brain_LLM_Project/4_Results_fmriprep25_test/llama/30B/base/layer0/base_subj6_corrlh.npy
30B,7,0,"(10242,)",0.08741584352386818,0.09192393326177595,0.01980691031693983,-0.09899950533898791,0.13393884694601155,0,0,0.0,0.9842804139816442,/media/i9a2/WindowsData/Wsh/Brain_LLM_Project/4_Results_fmriprep25_test/llama/30B/base/layer0/base_subj7_corrlh.npy
30B,8,0,"(10242,)",0.15824394454246743,0.17370961538269447,0.058886267635433406,-0.19279679790252713,0.23618211606631756,0,0,0.0,0.9586994727592267,/media/i9a2/WindowsData/Wsh/Brain_LLM_Project/4_Results_fmriprep25_test/llama/30B/base/layer0/base_subj8_corrlh.npy
30B,4,1,"(10242,)",0.0718909491073688,0.07709532923202178,0.02260530235572595,-0.1323972953417475,0.15750797305394265,0,0,0.0,0.973345049794962,/media/i9a2/WindowsData/Wsh/Brain_LLM_Project/4_Results_fmriprep25_test/llama/30B/base/layer1/base_subj4_corrlh.npy
30B,5,1,"(10242,)",0.10068716515995145,0.11106799903044301,0.03895399189395817,-0.17352301210293888,0.18140150885011752,0,0,0.0,0.9540128881077915,/media/i9a2/WindowsData/Wsh/Brain_LLM_Project/4_Results_fmriprep25_test/llama/30B/base/layer1/base_subj5_corrlh.npy
30B,6,1,"(10242,)",0.04083919520530603,0.04261142491190957,0.0116542718129194,-0.06562174527223644,0.17470253877272246,0,0,0.0,0.9809607498535442,/media/i9a2/WindowsData/Wsh/Brain_LLM_Project/4_Results_fmriprep25_test/llama/30B/base/layer1/base_subj6_corrlh.npy
30B,7,1,"(10242,)",0.07614894210131952,0.08003059621808134,0.01828986214311049,-0.1197438297221161,0.14543554352563032,0,0,0.0,0.9816442101152119,/media/i9a2/WindowsData/Wsh/Brain_LLM_Project/4_Results_fmriprep25_test/llama/30B/base/layer1/base_subj7_corrlh.npy
30B,8,1,"(10242,)",0.1789718597731774,0.19434615092989818,0.05995007358025265,-0.2048397338249998,0.2655298110465136,0,0,0.0,0.9622144112478032,/media/i9a2/WindowsData/Wsh/Brain_LLM_Project/4_Results_fmriprep25_test/llama/30B/base/layer1/base_subj8_corrlh.npy
30B,4,10,"(10242,)",0.10261406401526944,0.10934886003446731,0.02623545329986787,-0.12620452608013252,0.15778851471464764,0,0,0.0,0.9787150947080648,/media/i9a2/WindowsData/Wsh/Brain_LLM_Project/4_Results_fmriprep25_test/llama/30B/base/layer10/base_subj4_corrlh.npy
30B,5,10,"(10242,)",0.046576505851549266,0.05453583587702555,0.025856676002033382,-0.11096898277457101,0.12608037443115366,0,0,0.0,0.930091778949424,/media/i9a2/WindowsData/Wsh/Brain_LLM_Project/4_Results_fmriprep25_test/llama/30B/base/layer10/base_subj5_corrlh.npy
30B,6,10,"(10242,)",0.04336788116944207,0.04770620918349211,0.017895540178147058,-0.10862349207509575,0.08996153160857781,0,0,0.0,0.9595782073813708,/media/i9a2/WindowsData/Wsh/Brain_LLM_Project/4_Results_fmriprep25_test/llama/30B/base/layer10/base_subj6_corrlh.npy
30B,7,10,"(10242,)",0.08616948088536185,0.0905746805151742,0.018816403695546612,-0.08950450534592183,0.12186524938845004,0,0,0.0,0.9838898652606912,/media/i9a2/WindowsData/Wsh/Brain_LLM_Project/4_Results_fmriprep25_test/llama/30B/base/layer10/base_subj7_corrlh.npy
30B,8,10,"(10242,)",0.17505806291154224,0.19347425766394077,0.06510489953093682,-0.21358593253454736,0.23471610915028887,0,0,0.0,0.956746729154462,/media/i9a2/WindowsData/Wsh/Brain_LLM_Project/4_Results_fmriprep25_test/llama/30B/base/layer10/base_subj8_corrlh.npy
30B,4,11,"(10242,)",0.08213613065705719,0.08727801135055452,0.022124408983466497,-0.17621687652945422,0.1730735237362482,0,0,0.0,0.9794961921499707,/media/i9a2/WindowsData/Wsh/Brain_LLM_Project/4_Results_fmriprep25_test/llama/30B/base/layer11/base_subj4_corrlh.npy
30B,5,11,"(10242,)",0.013023661810912256,0.009557859093753802,0.02425949836272849,-0.1270276650161282,0.13457583800766407,0,0,0.0,0.7898847881273189,/media/i9a2/WindowsData/Wsh/Brain_LLM_Project/4_Results_fmriprep25_test/llama/30B/base/layer11/base_subj5_corrlh.npy
30B,6,11,"(10242,)",-0.00949609698113378,-0.010065640589788233,0.008078963888153016,-0.07305325155219512,0.07827410135028169,0,0,0.0,0.05721538761960555,/media/i9a2/WindowsData/Wsh/Brain_LLM_Project/4_Results_fmriprep25_test/llama/30B/base/layer11/base_subj6_corrlh.npy
30B,7,11,"(10242,)",0.034882652998852876,0.03555913147080914,0.010233048824126097,-0.09249700490111729,0.10831906082723153,0,0,0.0,0.9846709627025971,/media/i9a2/WindowsData/Wsh/Brain_LLM_Project/4_Results_fmriprep25_test/llama/30B/base/layer11/base_subj7_corrlh.npy
30B,8,11,"(10242,)",0.16403811464276732,0.17966651922701837,0.05647126646552376,-0.22425550422619978,0.22677082031284773,0,0,0.0,0.9614333138058972,/media/i9a2/WindowsData/Wsh/Brain_LLM_Project/4_Results_fmriprep25_test/llama/30B/base/layer11/base_subj8_corrlh.npy
30B,4,12,"(10242,)",0.08793191164933642,0.09504606923154574,0.02637083418583846,-0.15232061802340774,0.21908850311735728,0,0,0.0,0.9739308728763914,/media/i9a2/WindowsData/Wsh/Brain_LLM_Project/4_Results_fmriprep25_test/llama/30B/base/layer12/base_subj4_corrlh.npy
30B,5,12,"(10242,)",0.06250471847648605,0.06966262242075502,0.026236109026647348,-0.12758717042563378,0.17987040893305928,0,0,0.0,0.9527436047646944,/media/i9a2/WindowsData/Wsh/Brain_LLM_Project/4_Results_fmriprep25_test/llama/30B/base/layer12/base_subj5_corrlh.npy
30B,6,12,"(10242,)",0.021371025319795386,0.023288403607882632,0.011474094475762331,-0.09392155970149635,0.13316299397790443,0,0,0.0,0.9559656317125561,/media/i9a2/WindowsData/Wsh/Brain_LLM_Project/4_Results_fmriprep25_test/llama/30B/base/layer12/base_subj6_corrlh.npy
30B,7,12,"(10242,)",0.07996220499329668,0.08391156784106532,0.018809685034166163,-0.08709207754607613,0.13552033349040646,0,0,0.0,0.9830111306385472,/media/i9a2/WindowsData/Wsh/Brain_LLM_Project/4_Results_fmriprep25_test/llama/30B/base/layer12/base_subj7_corrlh.npy
30B,8,12,"(10242,)",0.12671740538029946,0.13887948570990655,0.04479904992916606,-0.18706399724225378,0.20844205179442976,0,0,0.0,0.9602616676430384,/media/i9a2/WindowsData/Wsh/Brain_LLM_Project/4_Results_fmriprep25_test/llama/30B/base/layer12/base_subj8_corrlh.npy
30B,4,13,"(10242,)",0.04519590410918222,0.047551778440052234,0.02330015562456704,-0.1552385081266182,0.1594816244963021,0,0,0.0,0.9582112868580356,/media/i9a2/WindowsData/Wsh/Brain_LLM_Project/4_Results_fmriprep25_test/llama/30B/base/layer13/base_subj4_corrlh.npy
30B,5,13,"(10242,)",0.07186570824422163,0.07966154321051505,0.03457578033633997,-0.2175079483156001,0.18049499571582858,0,0,0.0,0.9435657098223004,/media/i9a2/WindowsData/Wsh/Brain_LLM_Project/4_Results_fmriprep25_test/llama/30B/base/layer13/base_subj5_corrlh.npy
30B,6,13,"(10242,)",-0.019097695935930022,-0.020312524353246094,0.00928463354553881,-0.08546138472865644,0.08772224764774997,0,0,0.0,0.03407537590314392,/media/i9a2/WindowsData/Wsh/Brain_LLM_Project/4_Results_fmriprep25_test/llama/30B/base/layer13/base_subj6_corrlh.npy
30B,7,13,"(10242,)",0.11204903136097201,0.1179418583663285,0.024953361137350746,-0.14173457373021428,0.16985182856803466,0,0,0.0,0.9857449716852177,/media/i9a2/WindowsData/Wsh/Brain_LLM_Project/4_Results_fmriprep25_test/llama/30B/base/layer13/base_subj7_corrlh.npy
30B,8,13,"(10242,)",0.2046202495454634,0.22380679683924745,0.0695678865863264,-0.22572778157325948,0.282234733242646,0,0,0.0,0.9608474907244678,/media/i9a2/WindowsData/Wsh/Brain_LLM_Project/4_Results_fmriprep25_test/llama/30B/base/layer13/base_subj8_corrlh.npy
30B,4,14,"(10242,)",0.10341280754977812,0.1100285512868521,0.02537161074215735,-0.11483216066349405,0.15399728940674573,0,0,0.0,0.9791056434290177,/media/i9a2/WindowsData/Wsh/Brain_LLM_Project/4_Results_fmriprep25_test/llama/30B/base/layer14/base_subj4_corrlh.npy
30B,5,14,"(10242,)",0.07679624435570928,0.08605882575177057,0.03365921908250916,-0.14181780607773692,0.14012860599064197,0,0,0.0,0.9458113649677797,/media/i9a2/WindowsData/Wsh/Brain_LLM_Project/4_Results_fmriprep25_test/llama/30B/base/layer14/base_subj5_corrlh.npy
30B,6,14,"(10242,)",0.0003149958452923887,0.00022605454990683302,0.007392859674878,-0.10311417797731634,0.11489403325831737,0,0,0.0,0.5573130247998438,/media/i9a2/WindowsData/Wsh/Brain_LLM_Project/4_Results_fmriprep25_test/llama/30B/base/layer14/base_subj6_corrlh.npy
30B,7,14,"(10242,)",0.07689750780382039,0.08107671865823436,0.017693189605437244,-0.11990248457081382,0.14295945693011805,0,0,0.0,0.9839875024409295,/media/i9a2/WindowsData/Wsh/Brain_LLM_Project/4_Results_fmriprep25_test/llama/30B/base/layer14/base_subj7_corrlh.npy
30B,8,14,"(10242,)",0.20721801773257684,0.2271035095362962,0.0732998748987165,-0.2594910789266571,0.30627166131285266,0,0,0.0,0.9599687561023238,/media/i9a2/WindowsData/Wsh/Brain_LLM_Project/4_Results_fmriprep25_test/llama/30B/base/layer14/base_subj8_corrlh.npy
30B,4,15,"(10242,)",0.012931291397253915,0.014602683256773996,0.016576823498663486,-0.13072579165853276,0.1280464866645845,0,0,0.0,0.8962116774067564,/media/i9a2/WindowsData/Wsh/Brain_LLM_Project/4_Results_fmriprep25_test/llama/30B/base/layer15/base_subj4_corrlh.npy
30B,5,15,"(10242,)",0.06484390443588828,0.06798456777412985,0.03311881896488983,-0.1865252148138552,0.1652212103221924,0,0,0.0,0.9523530560437414,/media/i9a2/WindowsData/Wsh/Brain_LLM_Project/4_Results_fmriprep25_test/llama/30B/base/layer15/base_subj5_corrlh.npy
30B,6,15,"(10242,)",-0.006282001386130477,-0.007510205512432808,0.01024015277577319,-0.09587992782639103,0.0854712587589002,0,0,0.0,0.09666080843585237,/media/i9a2/WindowsData/Wsh/Brain_LLM_Project/4_Results_fmriprep25_test/llama/30B/base/layer15/base_subj6_corrlh.npy
30B,7,15,"(10242,)",0.06566285570512187,0.0686010311833773,0.01572551504615701,-0.09096856878793803,0.12540546050982176,0,0,0.0,0.9836945909002148,/media/i9a2/WindowsData/Wsh/Brain_LLM_Project/4_Results_fmriprep25_test/llama/30B/base/layer15/base_subj7_corrlh.npy
30B,8,15,"(10242,)",0.11180969478607547,0.12356878225587792,0.04388974835820826,-0.16601630322307187,0.1764756607189074,0,0,0.0,0.9569420035149385,/media/i9a2/WindowsData/Wsh/Brain_LLM_Project/4_Results_fmriprep25_test/llama/30B/base/layer15/base_subj8_corrlh.npy
30B,4,16,"(10242,)",0.11777251395983297,0.12730113147464014,0.033845244955698066,-0.15158562272906798,0.1813954863954298,0,0,0.0,0.974223784417106,/media/i9a2/WindowsData/Wsh/Brain_LLM_Project/4_Results_fmriprep25_test/llama/30B/base/layer16/base_subj4_corrlh.npy
30B,5,16,"(10242,)",0.0484729298462074,0.05555232424145117,0.027386523021653012,-0.16765929983489725,0.16781423122268152,0,0,0.0,0.9364381956649092,/media/i9a2/WindowsData/Wsh/Brain_LLM_Project/4_Results_fmriprep25_test/llama/30B/base/layer16/base_subj5_corrlh.npy
30B,6,16,"(10242,)",0.0278007666290441,0.030143455985669167,0.01143786635197978,-0.0654189685448042,0.08436370367127818,0,0,0.0,0.9616285881663738,/media/i9a2/WindowsData/Wsh/Brain_LLM_Project/4_Results_fmriprep25_test/llama/30B/base/layer16/base_subj6_corrlh.npy
30B,7,16,"(10242,)",0.03267547453286669,0.035244860601704994,0.013296468084079504,-0.09165446865272758,0.12120492763370032,0,0,0.0,0.9685608279632885,/media/i9a2/WindowsData/Wsh/Brain_LLM_Project/4_Results_fmriprep25_test/llama/30B/base/layer16/base_subj7_corrlh.npy
30B,8,16,"(10242,)",0.19465866275452062,0.21296786594331898,0.06648208061627826,-0.22360374785078077,0.2707516555273496,0,0,0.0,0.9601640304628002,/media/i9a2/WindowsData/Wsh/Brain_LLM_Project/4_Results_fmriprep25_test/llama/30B/base/layer16/base_subj8_corrlh.npy
30B,4,17,"(10242,)",0.05451288086843723,0.057249590567053324,0.016362166864417407,-0.0884271672557695,0.13941299314603595,0,0,0.0,0.9793009177894942,/media/i9a2/WindowsData/Wsh/Brain_LLM_Project/4_Results_fmriprep25_test/llama/30B/base/layer17/base_subj4_corrlh.npy
30B,5,17,"(10242,)",0.07820970273416439,0.0884143293751436,0.035722740738322156,-0.15356704477227429,0.1732147439367127,0,0,0.0,0.9454208162468268,/media/i9a2/WindowsData/Wsh/Brain_LLM_Project/4_Results_fmriprep25_test/llama/30B/base/layer17/base_subj5_corrlh.npy
30B,6,17,"(10242,)",-0.005431628721352946,-0.005039274558319347,0.007826456339963057,-0.09353915562085457,0.09066690544803772,0,0,0.0,0.08308924038273775,/media/i9a2/WindowsData/Wsh/Brain_LLM_Project/4_Results_fmriprep25_test/llama/30B/base/layer17/base_subj6_corrlh.npy
30B,7,17,"(10242,)",0.021157397699327795,0.02142581877599082,0.009733537806961758,-0.10387309303592221,0.10306288021270563,0,0,0.0,0.9722710408123414,/media/i9a2/WindowsData/Wsh/Brain_LLM_Project/4_Results_fmriprep25_test/llama/30B/base/layer17/base_subj7_corrlh.npy
30B,8,17,"(10242,)",0.1470708808709697,0.1620655713867665,0.053880592537836655,-0.21334940761828708,0.21745065957608614,0,0,0.0,0.9571372778754149,/media/i9a2/WindowsData/Wsh/Brain_LLM_Project/4_Results_fmriprep25_test/llama/30B/base/layer17/base_subj8_corrlh.npy
30B,4,18,"(10242,)",0.038685019939612576,0.04194746260319253,0.02079492196699918,-0.10557719920878354,0.1500096129616476,0,0,0.0,0.9486428431946885,/media/i9a2/WindowsData/Wsh/Brain_LLM_Project/4_Results_fmriprep25_test/llama/30B/base/layer18/base_subj4_corrlh.npy
30B,5,18,"(10242,)",0.024574964255490023,0.03269855992901074,0.02662987880813446,-0.15521449892229833,0.13338368878959495,0,0,0.0,0.8810779144698301,/media/i9a2/WindowsData/Wsh/Brain_LLM_Project/4_Results_fmriprep25_test/llama/30B/base/layer18/base_subj5_corrlh.npy
30B,6,18,"(10242,)",0.0051411363288449445,0.005622000831492172,0.008789271101056498,-0.08673074108776499,0.09434330114125487,0,0,0.0,0.8954305799648506,/media/i9a2/WindowsData/Wsh/Brain_LLM_Project/4_Results_fmriprep25_test/llama/30B/base/layer18/base_subj6_corrlh.npy
30B,7,18,"(10242,)",0.049881636270069675,0.05278321371530596,0.013317116159613914,-0.07794423983925432,0.11351604844544722,0,0,0.0,0.9786174575278266,/media/i9a2/WindowsData/Wsh/Brain_LLM_Project/4_Results_fmriprep25_test/llama/30B/base/layer18/base_subj7_corrlh.npy
30B,8,18,"(10242,)",0.1932127956917642,0.21006529557993,0.0644613572550242,-0.24395005828105543,0.257794589202056,0,0,0.0,0.961335676625659,/media/i9a2/WindowsData/Wsh/Brain_LLM_Project/4_Results_fmriprep25_test/llama/30B/base/layer18/base_subj8_corrlh.npy
30B,4,19,"(10242,)",0.1196167491939992,0.12984369693131836,0.034793073807497445,-0.1701535243737496,0.17446713061523156,0,0,0.0,0.9729545010740089,/media/i9a2/WindowsData/Wsh/Brain_LLM_Project/4_Results_fmriprep25_test/llama/30B/base/layer19/base_subj4_corrlh.npy
30B,5,19,"(10242,)",0.054120369839498264,0.06127119288003189,0.029682651765056932,-0.18045070343727881,0.1308281418830631,0,0,0.0,0.9400507713337238,/media/i9a2/WindowsData/Wsh/Brain_LLM_Project/4_Results_fmriprep25_test/llama/30B/base/layer19/base_subj5_corrlh.npy
30B,6,19,"(10242,)",-0.005858728910916045,-0.006697587499199634,0.009025846516915991,-0.12110516989504942,0.1040187327081683,0,0,0.0,0.08777582503417301,/media/i9a2/WindowsData/Wsh/Brain_LLM_Project/4_Results_fmriprep25_test/llama/30B/base/layer19/base_subj6_corrlh.npy
30B,7,19,"(10242,)",0.09509378641677765,0.10069960617460164,0.025415952177499278,-0.18146947460873125,0.176778487343011,0,0,0.0,0.9798867408709236,/media/i9a2/WindowsData/Wsh/Brain_LLM_Project/4_Results_fmriprep25_test/llama/30B/base/layer19/base_subj7_corrlh.npy
30B,8,19,"(10242,)",0.12838542998657215,0.14156075127330991,0.048261531485576936,-0.1725563560456186,0.18707410734908497,0,0,0.0,0.9574301894161297,/media/i9a2/WindowsData/Wsh/Brain_LLM_Project/4_Results_fmriprep25_test/llama/30B/base/layer19/base_subj8_corrlh.npy
30B,4,2,"(10242,)",0.05544459823384667,0.05903867399450223,0.017285817690208333,-0.10375621241625843,0.14121035438519156,0,0,0.0,0.9749072446787737,/media/i9a2/WindowsData/Wsh/Brain_LLM_Project/4_Results_fmriprep25_test/llama/30B/base/layer2/base_subj4_corrlh.npy
30B,5,2,"(10242,)",0.08898936509923307,0.10199307372902686,0.039845434001390546,-0.16110675439714106,0.16528783857053655,0,0,0.0,0.9402460456942003,/media/i9a2/WindowsData/Wsh/Brain_LLM_Project/4_Results_fmriprep25_test/llama/30B/base/layer2/base_subj5_corrlh.npy
30B,6,2,"(10242,)",0.017731119027289435,0.018562905567484113,0.011245371625022623,-0.10420735522091362,0.19135754631290863,0,0,0.0,0.9577231009568443,/media/i9a2/WindowsData/Wsh/Brain_LLM_Project/4_Results_fmriprep25_test/llama/30B/base/layer2/base_subj6_corrlh.npy
30B,7,2,"(10242,)",0.05088015711437772,0.055415306943775465,0.022955893698987147,-0.13523826630434577,0.14150261632327849,0,0,0.0,0.9603593048232767,/media/i9a2/WindowsData/Wsh/Brain_LLM_Project/4_Results_fmriprep25_test/llama/30B/base/layer2/base_subj7_corrlh.npy
30B,8,2,"(10242,)",0.23871776812351575,0.2616532725394641,0.0816731060557912,-0.2919094834653415,0.29556682743535284,0,0,0.0,0.9614333138058972,/media/i9a2/WindowsData/Wsh/Brain_LLM_Project/4_Results_fmriprep25_test/llama/30B/base/layer2/base_subj8_corrlh.npy
30B,4,20,"(10242,)",0.041815143521371355,0.044991631795704416,0.014452767221845606,-0.11667215748103958,0.12210066630544658,0,0,0.0,0.9722710408123414,/media/i9a2/WindowsData/Wsh/Brain_LLM_Project/4_Results_fmriprep25_test/llama/30B/base/layer20/base_subj4_corrlh.npy
30B,5,20,"(10242,)",0.06250974730697013,0.07016122796631452,0.029299907935490192,-0.17340618353771697,0.17661826621530854,0,0,0.0,0.9477641085725445,/media/i9a2/WindowsData/Wsh/Brain_LLM_Project/4_Results_fmriprep25_test/llama/30B/base/layer20/base_subj5_corrlh.npy
30B,6,20,"(10242,)",0.028644945000825334,0.031918551921249746,0.01758754615455834,-0.12645202967519398,0.1245938508337364,0,0,0.0,0.9489357547354033,/media/i9a2/WindowsData/Wsh/Brain_LLM_Project/4_Results_fmriprep25_test/llama/30B/base/layer20/base_subj6_corrlh.npy
30B,7,20,"(10242,)",0.05098009401264675,0.05447889587212803,0.02068154898267263,-0.1542267709612286,0.1704477430617512,0,0,0.0,0.9673891818004297,/media/i9a2/WindowsData/Wsh/Brain_LLM_Project/4_Results_fmriprep25_test/llama/30B/base/layer20/base_subj7_corrlh.npy
30B,8,20,"(10242,)",0.11896685756068207,0.13044840295441776,0.041038630964219884,-0.19653194473996555,0.17592830375361462,0,0,0.0,0.9622144112478032,/media/i9a2/WindowsData/Wsh/Brain_LLM_Project/4_Results_fmriprep25_test/llama/30B/base/layer20/base_subj8_corrlh.npy
30B,4,21,"(10242,)",0.13385262260463046,0.14524575398776385,0.038528500247682264,-0.17944740860934955,0.20908137161018003,0,0,0.0,0.9739308728763914,/media/i9a2/WindowsData/Wsh/Brain_LLM_Project/4_Results_fmriprep25_test/llama/30B/base/layer21/base_subj4_corrlh.npy
30B,5,21,"(10242,)",0.10909088342293627,0.13020312268591608,0.0625397492697526,-0.240041449636056,0.21287183647247077,0,0,0.0,0.9252099199375122,/media/i9a2/WindowsData/Wsh/Brain_LLM_Project/4_Results_fmriprep25_test/llama/30B/base/layer21/base_subj5_corrlh.npy
30B,6,21,"(10242,)",-0.018997740578571794,-0.020154756749427082,0.009266263140684319,-0.08731957033540537,0.07372365799078165,0,0,0.0,0.03719976567076743,/media/i9a2/WindowsData/Wsh/Brain_LLM_Project/4_Results_fmriprep25_test/llama/30B/base/layer21/base_subj6_corrlh.npy
30B,7,21,"(10242,)",0.08339853701316989,0.08853183113446517,0.02515112628018997,-0.1472937001499116,0.1503344081592604,0,0,0.0,0.9750048818590119,/media/i9a2/WindowsData/Wsh/Brain_LLM_Project/4_Results_fmriprep25_test/llama/30B/base/layer21/base_subj7_corrlh.npy
30B,8,21,"(10242,)",0.2108882773910637,0.23097797817780108,0.07309811326802111,-0.26078090266164394,0.28835003536591053,0,0,0.0,0.9599687561023238,/media/i9a2/WindowsData/Wsh/Brain_LLM_Project/4_Results_fmriprep25_test/llama/30B/base/layer21/base_subj8_corrlh.npy
30B,4,22,"(10242,)",0.07975959381414173,0.08700488647526525,0.024519860149579888,-0.13703885018618042,0.13885285203757422,0,0,0.0,0.9730521382542472,/media/i9a2/WindowsData/Wsh/Brain_LLM_Project/4_Results_fmriprep25_test/llama/30B/base/layer22/base_subj4_corrlh.npy
30B,5,22,"(10242,)",0.03126051887058609,0.031795204220317064,0.020500886070782764,-0.11054223354843568,0.13400235972908225,0,0,0.0,0.9391720367115798,/media/i9a2/WindowsData/Wsh/Brain_LLM_Project/4_Results_fmriprep25_test/llama/30B/base/layer22/base_subj5_corrlh.npy
30B,6,22,"(10242,)",0.02417169807018441,0.026651692783162706,0.014689926054085868,-0.20331664873251243,0.09657517494311509,0,0,0.0,0.9531341534856473,/media/i9a2/WindowsData/Wsh/Brain_LLM_Project/4_Results_fmriprep25_test/llama/30B/base/layer22/base_subj6_corrlh.npy
30B,7,22,"(10242,)",0.053093589107679647,0.05560065213705244,0.012618954732745566,-0.10358358329184131,0.1223421115915771,0,0,0.0,0.9847685998828354,/media/i9a2/WindowsData/Wsh/Brain_LLM_Project/4_Results_fmriprep25_test/llama/30B/base/layer22/base_subj7_corrlh.npy
30B,8,22,"(10242,)",0.1751042245757074,0.19176865846976943,0.06206845289118006,-0.21693731207631564,0.26228200565272203,0,0,0.0,0.9602616676430384,/media/i9a2/WindowsData/Wsh/Brain_LLM_Project/4_Results_fmriprep25_test/llama/30B/base/layer22/base_subj8_corrlh.npy
30B,4,23,"(10242,)",0.10365213740566277,0.11458116609011014,0.03465999389152422,-0.18450761796562387,0.17358815342097592,0,0,0.0,0.9674868189806678,/media/i9a2/WindowsData/Wsh/Brain_LLM_Project/4_Results_fmriprep25_test/llama/30B/base/layer23/base_subj4_corrlh.npy
30B,5,23,"(10242,)",0.08247650263430532,0.09270693869610154,0.04095567223672567,-0.17737387337470695,0.20493932778107918,0,0,0.0,0.9437609841827768,/media/i9a2/WindowsData/Wsh/Brain_LLM_Project/4_Results_fmriprep25_test/llama/30B/base/layer23/base_subj5_corrlh.npy
30B,6,23,"(10242,)",-0.04810661885464651,-0.05230164756965215,0.016439869332561724,-0.08472591662389435,0.08938926184693971,0,0,0.0,0.03485647334504979,/media/i9a2/WindowsData/Wsh/Brain_LLM_Project/4_Results_fmriprep25_test/llama/30B/base/layer23/base_subj6_corrlh.npy
30B,7,23,"(10242,)",0.04028916793473632,0.04267912895709322,0.013747460675852884,-0.09853278387435402,0.12685029738722306,0,0,0.0,0.9748096074985354,/media/i9a2/WindowsData/Wsh/Brain_LLM_Project/4_Results_fmriprep25_test/llama/30B/base/layer23/base_subj7_corrlh.npy
30B,8,23,"(10242,)",0.1322899767568511,0.14430657208394293,0.04495928348395719,-0.18390360430625396,0.22996564750369086,0,0,0.0,0.9629955086897091,/media/i9a2/WindowsData/Wsh/Brain_LLM_Project/4_Results_fmriprep25_test/llama/30B/base/layer23/base_subj8_corrlh.npy
30B,4,24,"(10242,)",0.04038525225155366,0.04451911618614411,0.02193879405619131,-0.12853566886171536,0.14022937201942973,0,0,0.0,0.9494239406365944,/media/i9a2/WindowsData/Wsh/Brain_LLM_Project/4_Results_fmriprep25_test/llama/30B/base/layer24/base_subj4_corrlh.npy
30B,5,24,"(10242,)",0.04781419507694891,0.05680122524949072,0.02714455568273628,-0.15797004214065521,0.13137594258951443,0,0,0.0,0.9267721148213239,/media/i9a2/WindowsData/Wsh/Brain_LLM_Project/4_Results_fmriprep25_test/llama/30B/base/layer24/base_subj5_corrlh.npy
30B,6,24,"(10242,)",0.0011599219136300186,0.0018840126465916318,0.009787137611501191,-0.10869037361399085,0.09775980824288712,0,0,0.0,0.7069908221050576,/media/i9a2/WindowsData/Wsh/Brain_LLM_Project/4_Results_fmriprep25_test/llama/30B/base/layer24/base_subj6_corrlh.npy
30B,7,24,"(10242,)",0.0022892822908993802,0.002422002208173633,0.0066579937424733745,-0.07511238000317708,0.07041568160523243,0,0,0.0,0.821128685803554,/media/i9a2/WindowsData/Wsh/Brain_LLM_Project/4_Results_fmriprep25_test/llama/30B/base/layer24/base_subj7_corrlh.npy
30B,8,24,"(10242,)",0.13267200586897712,0.14623347180470958,0.049254536845942734,-0.17160374100382816,0.20118826545532964,0,0,0.0,0.9586994727592267,/media/i9a2/WindowsData/Wsh/Brain_LLM_Project/4_Results_fmriprep25_test/llama/30B/base/layer24/base_subj8_corrlh.npy
30B,4,25,"(10242,)",0.10567488266148281,0.11466803280466298,0.03302859448497038,-0.1846469865359216,0.17013209340989874,0,0,0.0,0.9717828549111501,/media/i9a2/WindowsData/Wsh/Brain_LLM_Project/4_Results_fmriprep25_test/llama/30B/base/layer25/base_subj4_corrlh.npy
30B,5,25,"(10242,)",0.08629259774493057,0.10038411853750234,0.042228622752260296,-0.1819113296248691,0.15147892957991604,0,0,0.0,0.9353641866822886,/media/i9a2/WindowsData/Wsh/Brain_LLM_Project/4_Results_fmriprep25_test/llama/30B/base/layer25/base_subj5_corrlh.npy
30B,6,25,"(10242,)",-0.025702924501335038,-0.02635971430980389,0.011525489083033186,-0.11460395851003957,0.07923496366254291,0,0,0.0,0.028900605350517476,/media/i9a2/WindowsData/Wsh/Brain_LLM_Project/4_Results_fmriprep25_test/llama/30B/base/layer25/base_subj6_corrlh.npy
30B,7,25,"(10242,)",0.04513873118541786,0.047952696832858244,0.014070247299480969,-0.08688723930992154,0.1282928816126755,0,0,0.0,0.9753954305799648,/media/i9a2/WindowsData/Wsh/Brain_LLM_Project/4_Results_fmriprep25_test/llama/30B/base/layer25/base_subj7_corrlh.npy
30B,8,25,"(10242,)",0.1846017593237331,0.20366314471719743,0.07028626291759774,-0.22755627193066985,0.27763469010096853,0,0,0.0,0.9563561804335091,/media/i9a2/WindowsData/Wsh/Brain_LLM_Project/4_Results_fmriprep25_test/llama/30B/base/layer25/base_subj8_corrlh.npy
30B,4,26,"(10242,)",0.0512487569497821,0.05619108227691334,0.018029699538510056,-0.11800388765398123,0.1026538720630783,0,0,0.0,0.968365553602812,/media/i9a2/WindowsData/Wsh/Brain_LLM_Project/4_Results_fmriprep25_test/llama/30B/base/layer26/base_subj4_corrlh.npy
30B,5,26,"(10242,)",0.10191009450348593,0.1256462796068315,0.06091670883477864,-0.2613961354199884,0.33553395210003534,0,0,0.0,0.9138840070298769,/media/i9a2/WindowsData/Wsh/Brain_LLM_Project/4_Results_fmriprep25_test/llama/30B/base/layer26/base_subj5_corrlh.npy
30B,6,26,"(10242,)",-0.011737476556838062,-0.012863383890797463,0.0073672572018889685,-0.06012347597733927,0.05070537624858242,0,0,0.0,0.05594610427650849,/media/i9a2/WindowsData/Wsh/Brain_LLM_Project/4_Results_fmriprep25_test/llama/30B/base/layer26/base_subj6_corrlh.npy
30B,7,26,"(10242,)",0.04416051038168154,0.04714463017381251,0.012108613333860496,-0.10355413418091389,0.09042092225630444,0,0,0.0,0.9802772895918765,/media/i9a2/WindowsData/Wsh/Brain_LLM_Project/4_Results_fmriprep25_test/llama/30B/base/layer26/base_subj7_corrlh.npy
30B,8,26,"(10242,)",0.12781251719984577,0.13886553537237367,0.042095629450751,-0.17177254415109544,0.22248899809927816,0,0,0.0,0.9639718804920914,/media/i9a2/WindowsData/Wsh/Brain_LLM_Project/4_Results_fmriprep25_test/llama/30B/base/layer26/base_subj8_corrlh.npy
30B,4,28,"(10242,)",0.07078348331977663,0.07848227208745284,0.026080858280732398,-0.18395532968220488,0.1510299907208732,0,0,0.0,0.9623120484280414,/media/i9a2/WindowsData/Wsh/Brain_LLM_Project/4_Results_fmriprep25_test/llama/30B/base/layer28/base_subj4_corrlh.npy
30B,5,28,"(10242,)",0.08471506900729094,0.10093651962269282,0.04692185887723035,-0.17318894790520012,0.22264618812103465,0,0,0.0,0.9222808045303652,/media/i9a2/WindowsData/Wsh/Brain_LLM_Project/4_Results_fmriprep25_test/llama/30B/base/layer28/base_subj5_corrlh.npy
30B,6,28,"(10242,)",0.018024905010023275,0.020325682602248967,0.012861013102882648,-0.11365714647562872,0.0885810062773055,0,0,0.0,0.9426869752001562,/media/i9a2/WindowsData/Wsh/Brain_LLM_Project/4_Results_fmriprep25_test/llama/30B/base/layer28/base_subj6_corrlh.npy
30B,7,28,"(10242,)",0.017681746666085955,0.01913539674268901,0.009338145504617968,-0.07920948109182863,0.07554808747829836,0,0,0.0,0.9608474907244678,/media/i9a2/WindowsData/Wsh/Brain_LLM_Project/4_Results_fmriprep25_test/llama/30B/base/layer28/base_subj7_corrlh.npy
30B,8,28,"(10242,)",0.10738266209057079,0.11819496621463244,0.0405128678562798,-0.1691718730297055,0.17681902008794234,0,0,0.0,0.9577231009568443,/media/i9a2/WindowsData/Wsh/Brain_LLM_Project/4_Results_fmriprep25_test/llama/30B/base/layer28/base_subj8_corrlh.npy
30B,4,29,"(10242,)",0.03310191620454001,0.03232945867660379,0.0253915728494271,-0.17049350458041657,0.18168317593141117,0,0,0.0,0.9393673110720563,/media/i9a2/WindowsData/Wsh/Brain_LLM_Project/4_Results_fmriprep25_test/llama/30B/base/layer29/base_subj4_corrlh.npy
30B,5,29,"(10242,)",0.09162059610730403,0.10827002554426851,0.050961614226593115,-0.21831668987510183,0.2338052516409661,0,0,0.0,0.9266744776410857,/media/i9a2/WindowsData/Wsh/Brain_LLM_Project/4_Results_fmriprep25_test/llama/30B/base/layer29/base_subj5_corrlh.npy
30B,6,29,"(10242,)",0.023659054190780623,0.024882450138154016,0.010326255381375726,-0.08229529444963006,0.1105680772464358,0,0,0.0,0.9678773677016208,/media/i9a2/WindowsData/Wsh/Brain_LLM_Project/4_Results_fmriprep25_test/llama/30B/base/layer29/base_subj6_corrlh.npy
30B,7,29,"(10242,)",0.06319127439956422,0.06651324812814058,0.016495085057153264,-0.10774006653594877,0.14455769769414975,0,0,0.0,0.9828158562780707,/media/i9a2/WindowsData/Wsh/Brain_LLM_Project/4_Results_fmriprep25_test/llama/30B/base/layer29/base_subj7_corrlh.npy
30B,8,29,"(10242,)",0.1708449338730196,0.1891631586711755,0.06461301664645216,-0.23437832662386815,0.2860485070165439,0,0,0.0,0.9562585432532709,/media/i9a2/WindowsData/Wsh/Brain_LLM_Project/4_Results_fmriprep25_test/llama/30B/base/layer29/base_subj8_corrlh.npy
30B,4,3,"(10242,)",0.05371374648011343,0.056628697194066574,0.01852719100637992,-0.14320726934095013,0.1294116260974141,0,0,0.0,0.9745166959578208,/media/i9a2/WindowsData/Wsh/Brain_LLM_Project/4_Results_fmriprep25_test/llama/30B/base/layer3/base_subj4_corrlh.npy
30B,5,3,"(10242,)",0.13008122173728254,0.14471778666392768,0.05206702564907793,-0.17781943555830082,0.22680375796950675,0,0,0.0,0.9483499316539739,/media/i9a2/WindowsData/Wsh/Brain_LLM_Project/4_Results_fmriprep25_test/llama/30B/base/layer3/base_subj5_corrlh.npy
30B,6,3,"(10242,)",0.028727309578534543,0.03112698265356842,0.01242852282910148,-0.12024986662410928,0.12846487274655322,0,0,0.0,0.9652411638351884,/media/i9a2/WindowsData/Wsh/Brain_LLM_Project/4_Results_fmriprep25_test/llama/30B/base/layer3/base_subj6_corrlh.npy
30B,7,3,"(10242,)",0.08317341869101812,0.0872889534167974,0.021019709159914315,-0.11440758385471594,0.16715851517895255,0,0,0.0,0.9815465729349736,/media/i9a2/WindowsData/Wsh/Brain_LLM_Project/4_Results_fmriprep25_test/llama/30B/base/layer3/base_subj7_corrlh.npy
30B,8,3,"(10242,)",0.1981268811307854,0.21865922719610204,0.0753659825978675,-0.25051699701661734,0.2802340673785225,0,0,0.0,0.9581136496777973,/media/i9a2/WindowsData/Wsh/Brain_LLM_Project/4_Results_fmriprep25_test/llama/30B/base/layer3/base_subj8_corrlh.npy
30B,4,30,"(10242,)",0.11694744961384645,0.12699366841146748,0.034686776396402046,-0.18072554482032147,0.2604169349531438,0,0,0.0,0.9736379613356766,/media/i9a2/WindowsData/Wsh/Brain_LLM_Project/4_Results_fmriprep25_test/llama/30B/base/layer30/base_subj4_corrlh.npy
30B,5,30,"(10242,)",-0.006441253527181389,-0.007204357210522493,0.02270855094866403,-0.16222370648642243,0.2243859686020656,0,0,0.0,0.23501269283343096,/media/i9a2/WindowsData/Wsh/Brain_LLM_Project/4_Results_fmriprep25_test/llama/30B/base/layer30/base_subj5_corrlh.npy
30B,6,30,"(10242,)",0.04226644598779949,0.044764994870775524,0.017977302871353296,-0.18475150472766164,0.19037391438732443,0,0,0.0,0.967584456160906,/media/i9a2/WindowsData/Wsh/Brain_LLM_Project/4_Results_fmriprep25_test/llama/30B/base/layer30/base_subj6_corrlh.npy
30B,7,30,"(10242,)",0.006869262459940266,0.008116807548907277,0.011266517057823276,-0.11000117238100393,0.1345931935211084,0,0,0.0,0.8981644210115212,/media/i9a2/WindowsData/Wsh/Brain_LLM_Project/4_Results_fmriprep25_test/llama/30B/base/layer30/base_subj7_corrlh.npy
30B,8,30,"(10242,)",0.16022297716878517,0.17623726116961244,0.05936533661102126,-0.2313384024030105,0.2780721618224278,0,0,0.0,0.9566490919742238,/media/i9a2/WindowsData/Wsh/Brain_LLM_Project/4_Results_fmriprep25_test/llama/30B/base/layer30/base_subj8_corrlh.npy
30B,4,31,"(10242,)",0.07787594188768672,0.08374749230103432,0.025061543537899966,-0.110679571763625,0.14282920961157683,0,0,0.0,0.9716852177309119,/media/i9a2/WindowsData/Wsh/Brain_LLM_Project/4_Results_fmriprep25_test/llama/30B/base/layer31/base_subj4_corrlh.npy
30B,5,31,"(10242,)",0.0784149732303282,0.09237573522497165,0.044962120991677415,-0.23828197839621554,0.2908704623925049,0,0,0.0,0.929701230228471,/media/i9a2/WindowsData/Wsh/Brain_LLM_Project/4_Results_fmriprep25_test/llama/30B/base/layer31/base_subj5_corrlh.npy
30B,6,31,"(10242,)",-0.0048342976847223175,-0.004684141832598846,0.007620098864158346,-0.06626786009696428,0.07777154133539654,0,0,0.0,0.10749853544229643,/media/i9a2/WindowsData/Wsh/Brain_LLM_Project/4_Results_fmriprep25_test/llama/30B/base/layer31/base_subj6_corrlh.npy
30B,7,31,"(10242,)",0.05853827273203506,0.061508416972170035,0.014869145782804898,-0.10729850725801193,0.1161207989467794,0,0,0.0,0.9832064049990237,/media/i9a2/WindowsData/Wsh/Brain_LLM_Project/4_Results_fmriprep25_test/llama/30B/base/layer31/base_subj7_corrlh.npy
30B,8,31,"(10242,)",0.06226591528102829,0.0688084135309496,0.02388783452397641,-0.11006818113034127,0.12476461772664868,0,0,0.0,0.9589923842999414,/media/i9a2/WindowsData/Wsh/Brain_LLM_Project/4_Results_fmriprep25_test/llama/30B/base/layer31/base_subj8_corrlh.npy
30B,4,32,"(10242,)",0.08733607764029373,0.09226602424848654,0.022700186870387197,-0.15343129540033934,0.16252382236746937,0,0,0.0,0.9803749267721148,/media/i9a2/WindowsData/Wsh/Brain_LLM_Project/4_Results_fmriprep25_test/llama/30B/base/layer32/base_subj4_corrlh.npy
30B,5,32,"(10242,)",0.06898345112493458,0.0776948761309907,0.03123089023311624,-0.13906525293511088,0.16941251216771513,0,0,0.0,0.9434680726420621,/media/i9a2/WindowsData/Wsh/Brain_LLM_Project/4_Results_fmriprep25_test/llama/30B/base/layer32/base_subj5_corrlh.npy
30B,6,32,"(10242,)",0.026988397600769015,0.02948884126095081,0.012244309067371164,-0.08966738561655495,0.07016376467261116,0,0,0.0,0.9555750829916032,/media/i9a2/WindowsData/Wsh/Brain_LLM_Project/4_Results_fmriprep25_test/llama/30B/base/layer32/base_subj6_corrlh.npy
30B,7,32,"(10242,)",0.046687364729466316,0.04868463373619235,0.013644002664209684,-0.10488913011451895,0.2432219070886275,0,0,0.0,0.9797891036906854,/media/i9a2/WindowsData/Wsh/Brain_LLM_Project/4_Results_fmriprep25_test/llama/30B/base/layer32/base_subj7_corrlh.npy
30B,8,32,"(10242,)",0.18595539332184013,0.203686659225071,0.06981938999409698,-0.3173420162845867,0.28291312616412473,0,0,0.0,0.9580160124975591,/media/i9a2/WindowsData/Wsh/Brain_LLM_Project/4_Results_fmriprep25_test/llama/30B/base/layer32/base_subj8_corrlh.npy
30B,4,33,"(10242,)",0.015257143938917321,0.01690313815325087,0.013441247580542654,-0.1272007893222482,0.09459639001142651,0,0,0.0,0.9351689123218121,/media/i9a2/WindowsData/Wsh/Brain_LLM_Project/4_Results_fmriprep25_test/llama/30B/base/layer33/base_subj4_corrlh.npy
30B,5,33,"(10242,)",0.03390619091617916,0.039946917503161206,0.020859410175798388,-0.13860488232022414,0.1170329395599849,0,0,0.0,0.9299941417691857,/media/i9a2/WindowsData/Wsh/Brain_LLM_Project/4_Results_fmriprep25_test/llama/30B/base/layer33/base_subj5_corrlh.npy
30B,6,33,"(10242,)",-0.013893842610941566,-0.014381505832949502,0.008422606545391368,-0.1061222574732554,0.08769504421632558,0,0,0.0,0.04003124389767623,/media/i9a2/WindowsData/Wsh/Brain_LLM_Project/4_Results_fmriprep25_test/llama/30B/base/layer33/base_subj6_corrlh.npy
30B,7,33,"(10242,)",0.07541481957394301,0.07970636020260602,0.01930726313461349,-0.10618044789764128,0.14175505179740422,0,0,0.0,0.984182776801406,/media/i9a2/WindowsData/Wsh/Brain_LLM_Project/4_Results_fmriprep25_test/llama/30B/base/layer33/base_subj7_corrlh.npy
30B,8,33,"(10242,)",0.22864981344325477,0.25168273565597055,0.0828165046059373,-0.27537558179615107,0.320382003043695,0,0,0.0,0.958406561218512,/media/i9a2/WindowsData/Wsh/Brain_LLM_Project/4_Results_fmriprep25_test/llama/30B/base/layer33/base_subj8_corrlh.npy
30B,4,34,"(10242,)",0.05546955940579942,0.0597935429791584,0.02043732612163491,-0.15509821322859738,0.14788662951644155,0,0,0.0,0.9705135715680531,/media/i9a2/WindowsData/Wsh/Brain_LLM_Project/4_Results_fmriprep25_test/llama/30B/base/layer34/base_subj4_corrlh.npy
30B,5,34,"(10242,)",0.029933299184902274,0.034346883537972994,0.01898351079142987,-0.141667205616194,0.15401482602335675,0,0,0.0,0.9328256199960945,/media/i9a2/WindowsData/Wsh/Brain_LLM_Project/4_Results_fmriprep25_test/llama/30B/base/layer34/base_subj5_corrlh.npy
30B,6,34,"(10242,)",0.028278878003825586,0.030776852547913368,0.012938698662192414,-0.08044508560292726,0.09140458091448853,0,0,0.0,0.9594805702011326,/media/i9a2/WindowsData/Wsh/Brain_LLM_Project/4_Results_fmriprep25_test/llama/30B/base/layer34/base_subj6_corrlh.npy
30B,7,34,"(10242,)",0.025770886426660262,0.02741436750812702,0.01259843605910311,-0.07589612899089791,0.10339223137330752,0,0,0.0,0.9586994727592267,/media/i9a2/WindowsData/Wsh/Brain_LLM_Project/4_Results_fmriprep25_test/llama/30B/base/layer34/base_subj7_corrlh.npy
30B,8,34,"(10242,)",0.1193106026664331,0.13269644441513745,0.048437310422535705,-0.18297668015929894,0.18846808644134666,0,0,0.0,0.9540128881077915,/media/i9a2/WindowsData/Wsh/Brain_LLM_Project/4_Results_fmriprep25_test/llama/30B/base/layer34/base_subj8_corrlh.npy
30B,4,35,"(10242,)",0.07102941058991519,0.07677866870672442,0.02317863784466158,-0.13865580035733494,0.1343104215031193,0,0,0.0,0.9715875805506737,/media/i9a2/WindowsData/Wsh/Brain_LLM_Project/4_Results_fmriprep25_test/llama/30B/base/layer35/base_subj4_corrlh.npy
30B,5,35,"(10242,)",0.07111453429542221,0.0847700805509092,0.03817136973292757,-0.19434366685669158,0.16450681173268822,0,0,0.0,0.928431946885374,/media/i9a2/WindowsData/Wsh/Brain_LLM_Project/4_Results_fmriprep25_test/llama/30B/base/layer35/base_subj5_corrlh.npy
30B,6,35,"(10242,)",0.004348899764804574,0.0061463352124211355,0.01697084420616641,-0.24669647129956357,0.14921812128657896,0,0,0.0,0.8219097832454598,/media/i9a2/WindowsData/Wsh/Brain_LLM_Project/4_Results_fmriprep25_test/llama/30B/base/layer35/base_subj6_corrlh.npy
30B,7,35,"(10242,)",0.0445816570591784,0.0475944569338478,0.016590650634460857,-0.12144319922267263,0.11565896915833959,0,0,0.0,0.9687561023237649,/media/i9a2/WindowsData/Wsh/Brain_LLM_Project/4_Results_fmriprep25_test/llama/30B/base/layer35/base_subj7_corrlh.npy
30B,8,35,"(10242,)",0.18003183007096402,0.1987070776468642,0.06549006627042982,-0.2101896320579834,0.24856751259643067,0,0,0.0,0.9583089240382737,/media/i9a2/WindowsData/Wsh/Brain_LLM_Project/4_Results_fmriprep25_test/llama/30B/base/layer35/base_subj8_corrlh.npy
30B,4,36,"(10242,)",0.06554697454054535,0.07057538994718957,0.02594283731105761,-0.16005252022362804,0.23131050861131836,0,0,0.0,0.9651435266549502,/media/i9a2/WindowsData/Wsh/Brain_LLM_Project/4_Results_fmriprep25_test/llama/30B/base/layer36/base_subj4_corrlh.npy
30B,5,36,"(10242,)",0.06381591025843382,0.07184665264634207,0.03492362963622177,-0.1963678328222457,0.19302409702164763,0,0,0.0,0.9364381956649092,/media/i9a2/WindowsData/Wsh/Brain_LLM_Project/4_Results_fmriprep25_test/llama/30B/base/layer36/base_subj5_corrlh.npy
30B,6,36,"(10242,)",0.06662150380721348,0.07260333934114244,0.0248239428198348,-0.13168334956384392,0.1188378690155812,0,0,0.0,0.9661198984573326,/media/i9a2/WindowsData/Wsh/Brain_LLM_Project/4_Results_fmriprep25_test/llama/30B/base/layer36/base_subj6_corrlh.npy
30B,7,36,"(10242,)",0.054012564609900324,0.056685818394818094,0.01151039571263742,-0.06825762843210756,0.08862669655254096,0,0,0.0,0.9859402460456942,/media/i9a2/WindowsData/Wsh/Brain_LLM_Project/4_Results_fmriprep25_test/llama/30B/base/layer36/base_subj7_corrlh.npy
30B,8,36,"(10242,)",0.17563193037452107,0.1942756318619432,0.06521802964458599,-0.2126602613945976,0.2543517152620145,0,0,0.0,0.9569420035149385,/media/i9a2/WindowsData/Wsh/Brain_LLM_Project/4_Results_fmriprep25_test/llama/30B/base/layer36/base_subj8_corrlh.npy
30B,4,37,"(10242,)",-0.00652094859359852,-0.006609506414021518,0.014848602064285187,-0.13298966929138495,0.1805298269536574,0,0,0.0,0.14918961140402265,/media/i9a2/WindowsData/Wsh/Brain_LLM_Project/4_Results_fmriprep25_test/llama/30B/base/layer37/base_subj4_corrlh.npy
30B,5,37,"(10242,)",0.023203529118357324,0.025592563370745953,0.023014081900454727,-0.19748018797952488,0.1631736564907329,0,0,0.0,0.9096856082796329,/media/i9a2/WindowsData/Wsh/Brain_LLM_Project/4_Results_fmriprep25_test/llama/30B/base/layer37/base_subj5_corrlh.npy
30B,6,37,"(10242,)",0.0453523872401848,0.048277520358597614,0.015032805932900281,-0.10213324199351792,0.12251987803494369,0,0,0.0,0.9724663151728178,/media/i9a2/WindowsData/Wsh/Brain_LLM_Project/4_Results_fmriprep25_test/llama/30B/base/layer37/base_subj6_corrlh.npy
30B,7,37,"(10242,)",0.05496256715090855,0.0574415631532882,0.017160561177020184,-0.09179168206640595,0.1424904625945908,0,0,0.0,0.9767623511033001,/media/i9a2/WindowsData/Wsh/Brain_LLM_Project/4_Results_fmriprep25_test/llama/30B/base/layer37/base_subj7_corrlh.npy
30B,8,37,"(10242,)",0.167276867691439,0.18498909219844342,0.0644732910688651,-0.24778429913992203,0.28277660466781374,0,0,0.0,0.9562585432532709,/media/i9a2/WindowsData/Wsh/Brain_LLM_Project/4_Results_fmriprep25_test/llama/30B/base/layer37/base_subj8_corrlh.npy
30B,4,38,"(10242,)",0.06450087820242215,0.06946748971326677,0.019999081724829695,-0.11190165855353093,0.12080824693072609,0,0,0.0,0.9711970318297207,/media/i9a2/WindowsData/Wsh/Brain_LLM_Project/4_Results_fmriprep25_test/llama/30B/base/layer38/base_subj4_corrlh.npy
30B,5,38,"(10242,)",0.02478770172664765,0.02937996573137836,0.020901362595322097,-0.20230155680599493,0.141130989421982,0,0,0.0,0.9145674672915446,/media/i9a2/WindowsData/Wsh/Brain_LLM_Project/4_Results_fmriprep25_test/llama/30B/base/layer38/base_subj5_corrlh.npy
30B,6,38,"(10242,)",0.00625474610581549,0.008206421458092604,0.0171398972677374,-0.182989196476091,0.1380783881880434,0,0,0.0,0.851493848857645,/media/i9a2/WindowsData/Wsh/Brain_LLM_Project/4_Results_fmriprep25_test/llama/30B/base/layer38/base_subj6_corrlh.npy
30B,7,38,"(10242,)",0.001070729873769978,0.0001939164632266695,0.011283040897022078,-0.07376691663568141,0.1223024112511177,0,0,0.0,0.5193321616871704,/media/i9a2/WindowsData/Wsh/Brain_LLM_Project/4_Results_fmriprep25_test/llama/30B/base/layer38/base_subj7_corrlh.npy
30B,8,38,"(10242,)",0.1900733485575491,0.2095320667835378,0.06740125773400886,-0.280916079107235,0.2812960440738305,0,0,0.0,0.9588947471197031,/media/i9a2/WindowsData/Wsh/Brain_LLM_Project/4_Results_fmriprep25_test/llama/30B/base/layer38/base_subj8_corrlh.npy
30B,4,39,"(10242,)",0.03690605010278997,0.04133744445203672,0.021972385734457374,-0.1799816475726324,0.16196415308283513,0,0,0.0,0.945518453427065,/media/i9a2/WindowsData/Wsh/Brain_LLM_Project/4_Results_fmriprep25_test/llama/30B/base/layer39/base_subj4_corrlh.npy
30B,5,39,"(10242,)",0.0078088766795779245,0.004891426728538451,0.02522653157969078,-0.19667412040616675,0.15159522227502925,0,0,0.0,0.6434290177699667,/media/i9a2/WindowsData/Wsh/Brain_LLM_Project/4_Results_fmriprep25_test/llama/30B/base/layer39/base_subj5_corrlh.npy
30B,6,39,"(10242,)",-0.004672357248879847,-0.0035141202333356754,0.013615889108589132,-0.12217006706478228,0.11901603120287876,0,0,0.0,0.24585041983987502,/media/i9a2/WindowsData/Wsh/Brain_LLM_Project/4_Results_fmriprep25_test/llama/30B/base/layer39/base_subj6_corrlh.npy
30B,7,39,"(10242,)",0.021566442658961425,0.022156080465237423,0.007314299427976647,-0.08647881401940832,0.08239488989018832,0,0,0.0,0.9807654754930678,/media/i9a2/WindowsData/Wsh/Brain_LLM_Project/4_Results_fmriprep25_test/llama/30B/base/layer39/base_subj7_corrlh.npy
30B,8,39,"(10242,)",0.08663816359329264,0.09641226453127502,0.03719097233768671,-0.16760071605077642,0.16325323621217783,0,0,0.0,0.9526459675844562,/media/i9a2/WindowsData/Wsh/Brain_LLM_Project/4_Results_fmriprep25_test/llama/30B/base/layer39/base_subj8_corrlh.npy
30B,4,4,"(10242,)",0.060078668062436044,0.06279521523904102,0.021666377380534473,-0.1273498854712085,0.18973534220095004,0,0,0.0,0.9739308728763914,/media/i9a2/WindowsData/Wsh/Brain_LLM_Project/4_Results_fmriprep25_test/llama/30B/base/layer4/base_subj4_corrlh.npy
30B,5,4,"(10242,)",0.10378104988959388,0.1168284334577851,0.04168918710164718,-0.20734361759456463,0.19659850893193742,0,0,0.0,0.9516695957820738,/media/i9a2/WindowsData/Wsh/Brain_LLM_Project/4_Results_fmriprep25_test/llama/30B/base/layer4/base_subj5_corrlh.npy
30B,6,4,"(10242,)",0.04948101049863838,0.054670051867811265,0.02566079272186731,-0.15196758576040426,0.20321901846690843,0,0,0.0,0.9500097637180238,/media/i9a2/WindowsData/Wsh/Brain_LLM_Project/4_Results_fmriprep25_test/llama/30B/base/layer4/base_subj6_corrlh.npy
30B,7,4,"(10242,)",0.09156779985287149,0.09679967322469461,0.022892362812432777,-0.13547916587102715,0.1513968286571266,0,0,0.0,0.9805702011325913,/media/i9a2/WindowsData/Wsh/Brain_LLM_Project/4_Results_fmriprep25_test/llama/30B/base/layer4/base_subj7_corrlh.npy
30B,8,4,"(10242,)",0.15657271127503714,0.17239740284483926,0.05585984311754136,-0.18438439234233298,0.20515764797466418,0,0,0.0,0.9586018355789885,/media/i9a2/WindowsData/Wsh/Brain_LLM_Project/4_Results_fmriprep25_test/llama/30B/base/layer4/base_subj8_corrlh.npy
30B,4,40,"(10242,)",0.11492349404284777,0.12345984341594422,0.03150867826720164,-0.21928729688911067,0.18894302101723032,0,0,0.0,0.9772505370044913,/media/i9a2/WindowsData/Wsh/Brain_LLM_Project/4_Results_fmriprep25_test/llama/30B/base/layer40/base_subj4_corrlh.npy
30B,5,40,"(10242,)",0.04487532419613739,0.050799148334545935,0.03323207075731271,-0.27888126851803013,0.19346297645867677,0,0,0.0,0.9212067955477445,/media/i9a2/WindowsData/Wsh/Brain_LLM_Project/4_Results_fmriprep25_test/llama/30B/base/layer40/base_subj5_corrlh.npy
30B,6,40,"(10242,)",0.010680331364902663,0.010798556174359705,0.006936184430029328,-0.06975454127474973,0.07706172786493072,0,0,0.0,0.9577231009568443,/media/i9a2/WindowsData/Wsh/Brain_LLM_Project/4_Results_fmriprep25_test/llama/30B/base/layer40/base_subj6_corrlh.npy
30B,7,40,"(10242,)",0.0036112328726953867,0.004186756852117137,0.008757900392127704,-0.08151162165481202,0.09016307213160762,0,0,0.0,0.8529584065612185,/media/i9a2/WindowsData/Wsh/Brain_LLM_Project/4_Results_fmriprep25_test/llama/30B/base/layer40/base_subj7_corrlh.npy
30B,8,40,"(10242,)",0.14776929044919268,0.16346112240139365,0.056380088132552096,-0.20274559557709632,0.24777979111833603,0,0,0.0,0.9549892599101738,/media/i9a2/WindowsData/Wsh/Brain_LLM_Project/4_Results_fmriprep25_test/llama/30B/base/layer40/base_subj8_corrlh.npy
30B,4,41,"(10242,)",0.046357152359578685,0.0498902522625501,0.018635685662694017,-0.19270669049180425,0.19012987142806395,0,0,0.0,0.9679750048818591,/media/i9a2/WindowsData/Wsh/Brain_LLM_Project/4_Results_fmriprep25_test/llama/30B/base/layer41/base_subj4_corrlh.npy
30B,5,41,"(10242,)",0.08601628133402907,0.10119511238832948,0.047401411451799276,-0.22102127993398715,0.22408765127011346,0,0,0.0,0.9304823276703769,/media/i9a2/WindowsData/Wsh/Brain_LLM_Project/4_Results_fmriprep25_test/llama/30B/base/layer41/base_subj5_corrlh.npy
30B,6,41,"(10242,)",-0.003947299106301649,-0.004692017559413408,0.007496255652603288,-0.07928466139615334,0.08496355748449899,0,0,0.0,0.11638351884397578,/media/i9a2/WindowsData/Wsh/Brain_LLM_Project/4_Results_fmriprep25_test/llama/30B/base/layer41/base_subj6_corrlh.npy
30B,7,41,"(10242,)",0.014529676073274838,0.014686078130270924,0.007589629435883041,-0.087691299989831,0.09387325490207979,0,0,0.0,0.9702206600273384,/media/i9a2/WindowsData/Wsh/Brain_LLM_Project/4_Results_fmriprep25_test/llama/30B/base/layer41/base_subj7_corrlh.npy
30B,8,41,"(10242,)",0.11996220436117913,0.13209769599133483,0.04261627357007102,-0.14651786899752822,0.18712591226075848,0,0,0.0,0.9574301894161297,/media/i9a2/WindowsData/Wsh/Brain_LLM_Project/4_Results_fmriprep25_test/llama/30B/base/layer41/base_subj8_corrlh.npy
30B,4,42,"(10242,)",0.024525734957650917,0.025663544455520697,0.014607534891154884,-0.12694046402561626,0.12576780972727947,0,0,0.0,0.9580160124975591,/media/i9a2/WindowsData/Wsh/Brain_LLM_Project/4_Results_fmriprep25_test/llama/30B/base/layer42/base_subj4_corrlh.npy
30B,5,42,"(10242,)",0.023579462674846414,0.026658102984941846,0.01715802531316386,-0.13787528924795317,0.1312435392473553,0,0,0.0,0.9260886545596563,/media/i9a2/WindowsData/Wsh/Brain_LLM_Project/4_Results_fmriprep25_test/llama/30B/base/layer42/base_subj5_corrlh.npy
30B,6,42,"(10242,)",-0.006140146474373918,-0.006597660424219765,0.00964914130641976,-0.1163041924614562,0.08968924613427996,0,0,0.0,0.11423550087873462,/media/i9a2/WindowsData/Wsh/Brain_LLM_Project/4_Results_fmriprep25_test/llama/30B/base/layer42/base_subj6_corrlh.npy
30B,7,42,"(10242,)",0.034722750588393116,0.03731452118136997,0.013149346659159518,-0.0763549751334628,0.0871228466631493,0,0,0.0,0.9701230228471002,/media/i9a2/WindowsData/Wsh/Brain_LLM_Project/4_Results_fmriprep25_test/llama/30B/base/layer42/base_subj7_corrlh.npy
30B,8,42,"(10242,)",0.15337965672659026,0.1697945203708388,0.059512275436576924,-0.20016189894818998,0.22011740740483604,0,0,0.0,0.9572349150556532,/media/i9a2/WindowsData/Wsh/Brain_LLM_Project/4_Results_fmriprep25_test/llama/30B/base/layer42/base_subj8_corrlh.npy
30B,4,43,"(10242,)",0.04070265942951196,0.04142321034898745,0.017460502707949112,-0.10789432427408108,0.11296701188107017,0,0,0.0,0.9718804920913884,/media/i9a2/WindowsData/Wsh/Brain_LLM_Project/4_Results_fmriprep25_test/llama/30B/base/layer43/base_subj4_corrlh.npy
30B,5,43,"(10242,)",0.0306031562797539,0.03283261558358738,0.03149857568163967,-0.2565121814997525,0.1847661516349101,0,0,0.0,0.8994337043546182,/media/i9a2/WindowsData/Wsh/Brain_LLM_Project/4_Results_fmriprep25_test/llama/30B/base/layer43/base_subj5_corrlh.npy
30B,6,43,"(10242,)",-0.014322031288751206,-0.015119300234484245,0.010447667375762925,-0.09759530808291729,0.1403588796569756,0,0,0.0,0.045596563171255614,/media/i9a2/WindowsData/Wsh/Brain_LLM_Project/4_Results_fmriprep25_test/llama/30B/base/layer43/base_subj6_corrlh.npy
30B,7,43,"(10242,)",-0.004905396561876726,-0.005927537042478937,0.009085289990510118,-0.10489870093431676,0.10909089195908866,0,0,0.0,0.10759617262253467,/media/i9a2/WindowsData/Wsh/Brain_LLM_Project/4_Results_fmriprep25_test/llama/30B/base/layer43/base_subj7_corrlh.npy
30B,8,43,"(10242,)",0.12776922782407277,0.14095823269622143,0.04698484290926914,-0.19540835224318465,0.2176339221197672,0,0,0.0,0.9591876586604179,/media/i9a2/WindowsData/Wsh/Brain_LLM_Project/4_Results_fmriprep25_test/llama/30B/base/layer43/base_subj8_corrlh.npy
30B,4,44,"(10242,)",0.06914197954702074,0.07356945429077047,0.019529036969836353,-0.16585090090956237,0.12936133251600657,0,0,0.0,0.9787150947080648,/media/i9a2/WindowsData/Wsh/Brain_LLM_Project/4_Results_fmriprep25_test/llama/30B/base/layer44/base_subj4_corrlh.npy
30B,5,44,"(10242,)",0.10518193723685208,0.12408007387371356,0.0533938397336873,-0.2037256058944531,0.2144520447566556,0,0,0.0,0.9305799648506151,/media/i9a2/WindowsData/Wsh/Brain_LLM_Project/4_Results_fmriprep25_test/llama/30B/base/layer44/base_subj5_corrlh.npy
30B,6,44,"(10242,)",-0.039624029945135385,-0.04372500673074925,0.01813144533791317,-0.1298930185421513,0.13739327934142093,0,0,0.0,0.043936731107205626,/media/i9a2/WindowsData/Wsh/Brain_LLM_Project/4_Results_fmriprep25_test/llama/30B/base/layer44/base_subj6_corrlh.npy
30B,7,44,"(10242,)",0.11988359852910387,0.12673575346184152,0.02990791407615392,-0.15741014875717985,0.21474829748575147,0,0,0.0,0.9796914665104471,/media/i9a2/WindowsData/Wsh/Brain_LLM_Project/4_Results_fmriprep25_test/llama/30B/base/layer44/base_subj7_corrlh.npy
30B,8,44,"(10242,)",0.13762796088770737,0.1496243203044856,0.04437928075952801,-0.1543643162168212,0.1956550564669962,0,0,0.0,0.9634836945909002,/media/i9a2/WindowsData/Wsh/Brain_LLM_Project/4_Results_fmriprep25_test/llama/30B/base/layer44/base_subj8_corrlh.npy
30B,4,45,"(10242,)",-0.006277238954980511,-0.007376808229167199,0.009633283899965329,-0.09865381422193717,0.13455840101996985,0,0,0.0,0.10251903925014645,/media/i9a2/WindowsData/Wsh/Brain_LLM_Project/4_Results_fmriprep25_test/llama/30B/base/layer45/base_subj4_corrlh.npy
30B,5,45,"(10242,)",0.04298538649961726,0.05232321136981815,0.03442536949772962,-0.2050467191065204,0.2518745402594568,0,0,0.0,0.9063659441515329,/media/i9a2/WindowsData/Wsh/Brain_LLM_Project/4_Results_fmriprep25_test/llama/30B/base/layer45/base_subj5_corrlh.npy
30B,6,45,"(10242,)",-0.013249094928659316,-0.014148149349851591,0.005053575787074845,-0.03801930423041412,0.059511606737915085,0,0,0.0,0.03348955282171451,/media/i9a2/WindowsData/Wsh/Brain_LLM_Project/4_Results_fmriprep25_test/llama/30B/base/layer45/base_subj6_corrlh.npy
30B,7,45,"(10242,)",0.007645929659510798,0.008821855381162178,0.010997217393958664,-0.3686863145416842,0.10156133803387829,0,0,0.0,0.9255028314782269,/media/i9a2/WindowsData/Wsh/Brain_LLM_Project/4_Results_fmriprep25_test/llama/30B/base/layer45/base_subj7_corrlh.npy
30B,8,45,"(10242,)",0.0843343612976475,0.09431112089814686,0.03713550277933714,-0.17110468387952668,0.18763378237027434,0,0,0.0,0.9519625073227885,/media/i9a2/WindowsData/Wsh/Brain_LLM_Project/4_Results_fmriprep25_test/llama/30B/base/layer45/base_subj8_corrlh.npy
30B,4,46,"(10242,)",0.0934379526672721,0.10181687329060582,0.03335212233612775,-0.20752651372451955,0.19552077421034184,0,0,0.0,0.9690490138644796,/media/i9a2/WindowsData/Wsh/Brain_LLM_Project/4_Results_fmriprep25_test/llama/30B/base/layer46/base_subj4_corrlh.npy
30B,5,46,"(10242,)",0.08387404220090058,0.0947622586697487,0.03813416301063435,-0.2226508610976388,0.258479050690017,0,0,0.0,0.9529388791251708,/media/i9a2/WindowsData/Wsh/Brain_LLM_Project/4_Results_fmriprep25_test/llama/30B/base/layer46/base_subj5_corrlh.npy
30B,6,46,"(10242,)",0.03526059069734823,0.03789202770713338,0.014999809909327918,-0.12563335535432682,0.14977984123300273,0,0,0.0,0.963386057410662,/media/i9a2/WindowsData/Wsh/Brain_LLM_Project/4_Results_fmriprep25_test/llama/30B/base/layer46/base_subj6_corrlh.npy
30B,7,46,"(10242,)",0.07727999968829082,0.08060846930455891,0.02129226773651882,-0.2148746682706497,0.1996509363118645,0,0,0.0,0.9852567857840265,/media/i9a2/WindowsData/Wsh/Brain_LLM_Project/4_Results_fmriprep25_test/llama/30B/base/layer46/base_subj7_corrlh.npy
30B,8,46,"(10242,)",0.14413359049479868,0.159659577435521,0.05523953133770379,-0.19985439728487142,0.20834288507444965,0,0,0.0,0.9565514547939855,/media/i9a2/WindowsData/Wsh/Brain_LLM_Project/4_Results_fmriprep25_test/llama/30B/base/layer46/base_subj8_corrlh.npy
30B,4,47,"(10242,)",0.05296032905014093,0.05915126876190542,0.02113214288339468,-0.1155685249671158,0.13316852005034768,0,0,0.0,0.9593829330208944,/media/i9a2/WindowsData/Wsh/Brain_LLM_Project/4_Results_fmriprep25_test/llama/30B/base/layer47/base_subj4_corrlh.npy
30B,5,47,"(10242,)",0.09517007683664928,0.10616666092224313,0.044715271719498025,-0.23200338817492303,0.22101312754942648,0,0,0.0,0.9447373559851592,/media/i9a2/WindowsData/Wsh/Brain_LLM_Project/4_Results_fmriprep25_test/llama/30B/base/layer47/base_subj5_corrlh.npy
30B,6,47,"(10242,)",-0.04746466429061017,-0.05127710858678245,0.014549319879097161,-0.07356039957376999,0.06610764059336362,0,0,0.0,0.03173208357742628,/media/i9a2/WindowsData/Wsh/Brain_LLM_Project/4_Results_fmriprep25_test/llama/30B/base/layer47/base_subj6_corrlh.npy
30B,7,47,"(10242,)",0.08840372642410899,0.09504914754855048,0.02875918645760357,-0.14315909567548243,0.15361685845817424,0,0,0.0,0.9711970318297207,/media/i9a2/WindowsData/Wsh/Brain_LLM_Project/4_Results_fmriprep25_test/llama/30B/base/layer47/base_subj7_corrlh.npy
30B,8,47,"(10242,)",0.15930825373752858,0.1769448683477231,0.06339676565021954,-0.23262113957814104,0.24572618141490182,0,0,0.0,0.9550868970904121,/media/i9a2/WindowsData/Wsh/Brain_LLM_Project/4_Results_fmriprep25_test/llama/30B/base/layer47/base_subj8_corrlh.npy
30B,4,48,"(10242,)",-0.02118181084943348,-0.023122735306037194,0.013176101796167199,-0.15001543817697255,0.1785690487024038,0,0,0.0,0.04422964264792033,/media/i9a2/WindowsData/Wsh/Brain_LLM_Project/4_Results_fmriprep25_test/llama/30B/base/layer48/base_subj4_corrlh.npy
30B,5,48,"(10242,)",-0.07705110411368919,-0.0905758804331465,0.05135241424655555,-0.2942491558338277,0.26924885001613025,0,0,0.0,0.079867213434876,/media/i9a2/WindowsData/Wsh/Brain_LLM_Project/4_Results_fmriprep25_test/llama/30B/base/layer48/base_subj5_corrlh.npy
30B,6,48,"(10242,)",0.030888895858558498,0.03418101099491447,0.01253012073251741,-0.06701975813523631,0.0671386213731586,0,0,0.0,0.9568443663347003,/media/i9a2/WindowsData/Wsh/Brain_LLM_Project/4_Results_fmriprep25_test/llama/30B/base/layer48/base_subj6_corrlh.npy
30B,7,48,"(10242,)",0.0855981891612308,0.09171306830003673,0.025240511534080377,-0.0900683934061686,0.14666988909331755,0,0,0.0,0.9713923061901972,/media/i9a2/WindowsData/Wsh/Brain_LLM_Project/4_Results_fmriprep25_test/llama/30B/base/layer48/base_subj7_corrlh.npy
30B,8,48,"(10242,)",0.0796105114318326,0.08713993952742263,0.02947634748622301,-0.11099019621223204,0.18108934183390352,0,0,0.0,0.9576254637766062,/media/i9a2/WindowsData/Wsh/Brain_LLM_Project/4_Results_fmriprep25_test/llama/30B/base/layer48/base_subj8_corrlh.npy
30B,4,49,"(10242,)",0.10015975399301305,0.10540105053216108,0.02881718721444182,-0.17921723076407176,0.19408986586930582,0,0,0.0,0.977543448545206,/media/i9a2/WindowsData/Wsh/Brain_LLM_Project/4_Results_fmriprep25_test/llama/30B/base/layer49/base_subj4_corrlh.npy
30B,5,49,"(10242,)",-0.04599943109278096,-0.050621878711772914,0.03095059398382378,-0.21168770589479208,0.276292427706309,0,0,0.0,0.06287834407342316,/media/i9a2/WindowsData/Wsh/Brain_LLM_Project/4_Results_fmriprep25_test/llama/30B/base/layer49/base_subj5_corrlh.npy
30B,6,49,"(10242,)",0.006421963956893039,0.006373039822963294,0.006080723843690323,-0.05556556619026771,0.05769319324514435,0,0,0.0,0.9408318687756297,/media/i9a2/WindowsData/Wsh/Brain_LLM_Project/4_Results_fmriprep25_test/llama/30B/base/layer49/base_subj6_corrlh.npy
30B,7,49,"(10242,)",0.044944729056968405,0.047982907162502905,0.016214409823362988,-0.1050602523793734,0.1084903934675116,0,0,0.0,0.9702206600273384,/media/i9a2/WindowsData/Wsh/Brain_LLM_Project/4_Results_fmriprep25_test/llama/30B/base/layer49/base_subj7_corrlh.npy
30B,8,49,"(10242,)",0.15688032524614715,0.17155696307849144,0.055025909697904614,-0.19656170576715398,0.21977276509781093,0,0,0.0,0.9599687561023238,/media/i9a2/WindowsData/Wsh/Brain_LLM_Project/4_Results_fmriprep25_test/llama/30B/base/layer49/base_subj8_corrlh.npy
30B,4,5,"(10242,)",0.08847170141930244,0.09350625803169368,0.02321563428342992,-0.10701875711067327,0.15519156939484918,0,0,0.0,0.9813512985744972,/media/i9a2/WindowsData/Wsh/Brain_LLM_Project/4_Results_fmriprep25_test/llama/30B/base/layer5/base_subj4_corrlh.npy
30B,5,5,"(10242,)",0.08893762244040655,0.09457609132657052,0.034844718084554346,-0.16049447987667526,0.18434936344802513,0,0,0.0,0.9621167740675649,/media/i9a2/WindowsData/Wsh/Brain_LLM_Project/4_Results_fmriprep25_test/llama/30B/base/layer5/base_subj5_corrlh.npy
30B,6,5,"(10242,)",-0.015245837522431917,-0.0164445150843796,0.01064291312768029,-0.11378465582575042,0.11820735145286826,0,0,0.0,0.04793985549697325,/media/i9a2/WindowsData/Wsh/Brain_LLM_Project/4_Results_fmriprep25_test/llama/30B/base/layer5/base_subj6_corrlh.npy
30B,7,5,"(10242,)",0.09155850282549717,0.09666644400941467,0.020816239169839573,-0.09967167267726368,0.13609346024891217,0,0,0.0,0.9818394844756884,/media/i9a2/WindowsData/Wsh/Brain_LLM_Project/4_Results_fmriprep25_test/llama/30B/base/layer5/base_subj7_corrlh.npy
30B,8,5,"(10242,)",0.1366022630389702,0.14952176238644188,0.04694317819644229,-0.14827617450496264,0.18106171957012307,0,0,0.0,0.9602616676430384,/media/i9a2/WindowsData/Wsh/Brain_LLM_Project/4_Results_fmriprep25_test/llama/30B/base/layer5/base_subj8_corrlh.npy
30B,4,50,"(10242,)",0.05109482818391244,0.05290025208813672,0.02568541235302756,-0.22076792284263486,0.20817551475370238,0,0,0.0,0.9610427650849444,/media/i9a2/WindowsData/Wsh/Brain_LLM_Project/4_Results_fmriprep25_test/llama/30B/base/layer50/base_subj4_corrlh.npy
30B,5,50,"(10242,)",0.12690001514925286,0.14511608182988273,0.060548342349928105,-0.23182974874633705,0.2854287446118363,0,0,0.0,0.938879125170865,/media/i9a2/WindowsData/Wsh/Brain_LLM_Project/4_Results_fmriprep25_test/llama/30B/base/layer50/base_subj5_corrlh.npy
30B,6,50,"(10242,)",-0.016150013950562477,-0.01735100813305354,0.009033873047347782,-0.08793314885391759,0.06922433761671785,0,0,0.0,0.04256981058387034,/media/i9a2/WindowsData/Wsh/Brain_LLM_Project/4_Results_fmriprep25_test/llama/30B/base/layer50/base_subj6_corrlh.npy
30B,7,50,"(10242,)",0.09780688685303328,0.10379857623553276,0.029498221423588905,-0.1972219546158306,0.24592267644574267,0,0,0.0,0.9766647139230619,/media/i9a2/WindowsData/Wsh/Brain_LLM_Project/4_Results_fmriprep25_test/llama/30B/base/layer50/base_subj7_corrlh.npy
30B,8,50,"(10242,)",0.1252547709847272,0.13950419823051974,0.0513025163317479,-0.22011017971950386,0.21844705872386783,0,0,0.0,0.9557703573520797,/media/i9a2/WindowsData/Wsh/Brain_LLM_Project/4_Results_fmriprep25_test/llama/30B/base/layer50/base_subj8_corrlh.npy
30B,4,51,"(10242,)",0.07389536535016539,0.07959856516436979,0.021140200014792523,-0.10739606167295068,0.13456817806127483,0,0,0.0,0.9743214215973443,/media/i9a2/WindowsData/Wsh/Brain_LLM_Project/4_Results_fmriprep25_test/llama/30B/base/layer51/base_subj4_corrlh.npy
30B,5,51,"(10242,)",0.04990943415350302,0.0546266288102352,0.0417574073993552,-0.29007553767630095,0.27929044032188044,0,0,0.0,0.9095879710993946,/media/i9a2/WindowsData/Wsh/Brain_LLM_Project/4_Results_fmriprep25_test/llama/30B/base/layer51/base_subj5_corrlh.npy
30B,6,51,"(10242,)",0.019887882237171837,0.02101869710142775,0.007252976246864542,-0.06433463403538825,0.07566335989807516,0,0,0.0,0.9719781292716266,/media/i9a2/WindowsData/Wsh/Brain_LLM_Project/4_Results_fmriprep25_test/llama/30B/base/layer51/base_subj6_corrlh.npy
30B,7,51,"(10242,)",0.036536111008877804,0.03742940885792216,0.010582648141799595,-0.07295970429834411,0.09859050015656148,0,0,0.0,0.9815465729349736,/media/i9a2/WindowsData/Wsh/Brain_LLM_Project/4_Results_fmriprep25_test/llama/30B/base/layer51/base_subj7_corrlh.npy
30B,8,51,"(10242,)",0.08921621030016798,0.09854534010835402,0.03436976896898824,-0.13700908143148963,0.1616808916094034,0,0,0.0,0.9563561804335091,/media/i9a2/WindowsData/Wsh/Brain_LLM_Project/4_Results_fmriprep25_test/llama/30B/base/layer51/base_subj8_corrlh.npy
30B,4,52,"(10242,)",0.0701693441220679,0.07570612983040109,0.021441715567488192,-0.14713629208315512,0.12289407768644549,0,0,0.0,0.9721734036321031,/media/i9a2/WindowsData/Wsh/Brain_LLM_Project/4_Results_fmriprep25_test/llama/30B/base/layer52/base_subj4_corrlh.npy
30B,5,52,"(10242,)",0.0828995852419269,0.09567589754992693,0.03892885098958162,-0.20316721398057694,0.1867957667010018,0,0,0.0,0.9379027533684827,/media/i9a2/WindowsData/Wsh/Brain_LLM_Project/4_Results_fmriprep25_test/llama/30B/base/layer52/base_subj5_corrlh.npy
30B,6,52,"(10242,)",0.04669660843617154,0.04996334095115028,0.017075596964832643,-0.16069610603233614,0.1399686780965591,0,0,0.0,0.9677797305213826,/media/i9a2/WindowsData/Wsh/Brain_LLM_Project/4_Results_fmriprep25_test/llama/30B/base/layer52/base_subj6_corrlh.npy
30B,7,52,"(10242,)",0.09720330634033417,0.10302328884941485,0.022468675684226395,-0.11542151480442235,0.1355479887641882,0,0,0.0,0.982522944737356,/media/i9a2/WindowsData/Wsh/Brain_LLM_Project/4_Results_fmriprep25_test/llama/30B/base/layer52/base_subj7_corrlh.npy
30B,8,52,"(10242,)",0.21444668827247076,0.23788293180870324,0.08143012479304196,-0.26719616773499466,0.290157016651079,0,0,0.0,0.9555750829916032,/media/i9a2/WindowsData/Wsh/Brain_LLM_Project/4_Results_fmriprep25_test/llama/30B/base/layer52/base_subj8_corrlh.npy
30B,4,53,"(10242,)",0.028606525743669058,0.030715410509492364,0.015410409636079156,-0.20031920899058345,0.16687336442758363,0,0,0.0,0.9642647920328061,/media/i9a2/WindowsData/Wsh/Brain_LLM_Project/4_Results_fmriprep25_test/llama/30B/base/layer53/base_subj4_corrlh.npy
30B,5,53,"(10242,)",0.046377273889221124,0.05587784167652262,0.028391714054830892,-0.13121952510805468,0.1369707982751459,0,0,0.0,0.9189611404022652,/media/i9a2/WindowsData/Wsh/Brain_LLM_Project/4_Results_fmriprep25_test/llama/30B/base/layer53/base_subj5_corrlh.npy
30B,6,53,"(10242,)",-0.003282160778230034,-0.003727087175713087,0.005792841175747679,-0.0519221690432358,0.06133524537285184,0,0,0.0,0.09910173794180824,/media/i9a2/WindowsData/Wsh/Brain_LLM_Project/4_Results_fmriprep25_test/llama/30B/base/layer53/base_subj6_corrlh.npy
30B,7,53,"(10242,)",0.05765663245922595,0.06081800702169025,0.013753239519467842,-0.07237766165298257,0.11458985326383261,0,0,0.0,0.9826205819175943,/media/i9a2/WindowsData/Wsh/Brain_LLM_Project/4_Results_fmriprep25_test/llama/30B/base/layer53/base_subj7_corrlh.npy
30B,8,53,"(10242,)",0.11638108337409032,0.1273934441856205,0.04310217905629703,-0.1686873087533365,0.19265586748881658,0,0,0.0,0.9605545791837532,/media/i9a2/WindowsData/Wsh/Brain_LLM_Project/4_Results_fmriprep25_test/llama/30B/base/layer53/base_subj8_corrlh.npy
30B,4,54,"(10242,)",0.11578948747121179,0.12730329587491196,0.03676764454433591,-0.15428230791397984,0.2092506570446503,0,0,0.0,0.9684631907830502,/media/i9a2/WindowsData/Wsh/Brain_LLM_Project/4_Results_fmriprep25_test/llama/30B/base/layer54/base_subj4_corrlh.npy
30B,5,54,"(10242,)",0.08174401768652208,0.0974043455297445,0.05143925222310077,-0.30518661196999847,0.26850480171669855,0,0,0.0,0.921402069908221,/media/i9a2/WindowsData/Wsh/Brain_LLM_Project/4_Results_fmriprep25_test/llama/30B/base/layer54/base_subj5_corrlh.npy
30B,6,54,"(10242,)",0.03831938445090534,0.040785660292022595,0.012948879838599447,-0.1472052831188461,0.08870995817189738,0,0,0.0,0.9697324741261473,/media/i9a2/WindowsData/Wsh/Brain_LLM_Project/4_Results_fmriprep25_test/llama/30B/base/layer54/base_subj6_corrlh.npy
30B,7,54,"(10242,)",0.04503371413371833,0.04849079109063015,0.016934760093409034,-0.12772573223326256,0.14955773079464335,0,0,0.0,0.9688537395040031,/media/i9a2/WindowsData/Wsh/Brain_LLM_Project/4_Results_fmriprep25_test/llama/30B/base/layer54/base_subj7_corrlh.npy
30B,8,54,"(10242,)",0.10643354130421623,0.11651616462665779,0.03627851289071733,-0.1305780924314045,0.1514543172285887,0,0,0.0,0.9627025971489943,/media/i9a2/WindowsData/Wsh/Brain_LLM_Project/4_Results_fmriprep25_test/llama/30B/base/layer54/base_subj8_corrlh.npy
30B,4,55,"(10242,)",0.1059124855153247,0.11543374836979192,0.03354413068627632,-0.1975989886215341,0.1723174799514653,0,0,0.0,0.9699277484866237,/media/i9a2/WindowsData/Wsh/Brain_LLM_Project/4_Results_fmriprep25_test/llama/30B/base/layer55/base_subj4_corrlh.npy
30B,5,55,"(10242,)",0.045836411084930556,0.04855609993976903,0.026164610609228686,-0.17156918285860573,0.16856835596641298,0,0,0.0,0.946787736770162,/media/i9a2/WindowsData/Wsh/Brain_LLM_Project/4_Results_fmriprep25_test/llama/30B/base/layer55/base_subj5_corrlh.npy
30B,6,55,"(10242,)",-0.014212241187164135,-0.01511677583401581,0.008434318388717934,-0.0846383027676103,0.14990200379509272,0,0,0.0,0.04237453622339387,/media/i9a2/WindowsData/Wsh/Brain_LLM_Project/4_Results_fmriprep25_test/llama/30B/base/layer55/base_subj6_corrlh.npy
30B,7,55,"(10242,)",-0.005113511195047805,-0.0059870254699042865,0.013646634902397892,-0.11111116815259145,0.11888509644423316,0,0,0.0,0.24096856082796328,/media/i9a2/WindowsData/Wsh/Brain_LLM_Project/4_Results_fmriprep25_test/llama/30B/base/layer55/base_subj7_corrlh.npy
30B,8,55,"(10242,)",0.18478036277408041,0.20351393028138742,0.06811780036354402,-0.23839114978721587,0.28860507149881776,0,0,0.0,0.9578207381370826,/media/i9a2/WindowsData/Wsh/Brain_LLM_Project/4_Results_fmriprep25_test/llama/30B/base/layer55/base_subj8_corrlh.npy
30B,4,56,"(10242,)",0.03062730914204553,0.030624757734145695,0.01791097450097282,-0.1261829151281255,0.1534929423253915,0,0,0.0,0.960066393282562,/media/i9a2/WindowsData/Wsh/Brain_LLM_Project/4_Results_fmriprep25_test/llama/30B/base/layer56/base_subj4_corrlh.npy
30B,5,56,"(10242,)",0.017601983065643607,0.023648133149885144,0.022654204668581868,-0.2291861826025378,0.15302329693344466,0,0,0.0,0.8842999414176919,/media/i9a2/WindowsData/Wsh/Brain_LLM_Project/4_Results_fmriprep25_test/llama/30B/base/layer56/base_subj5_corrlh.npy
30B,6,56,"(10242,)",-0.03720094646073963,-0.04116459670853222,0.019683649789293305,-0.15027305888996637,0.12412718679857876,0,0,0.0,0.04686584651435267,/media/i9a2/WindowsData/Wsh/Brain_LLM_Project/4_Results_fmriprep25_test/llama/30B/base/layer56/base_subj6_corrlh.npy
30B,7,56,"(10242,)",0.017976465248694024,0.018383737267542354,0.008110247839886602,-0.05758787231589828,0.09533334639631492,0,0,0.0,0.9721734036321031,/media/i9a2/WindowsData/Wsh/Brain_LLM_Project/4_Results_fmriprep25_test/llama/30B/base/layer56/base_subj7_corrlh.npy
30B,8,56,"(10242,)",0.08766377921374903,0.09676019029435208,0.033807592728451456,-0.13731069830743886,0.14719560163224743,0,0,0.0,0.9555750829916032,/media/i9a2/WindowsData/Wsh/Brain_LLM_Project/4_Results_fmriprep25_test/llama/30B/base/layer56/base_subj8_corrlh.npy
30B,4,57,"(10242,)",0.16170589838415927,0.17428628935249163,0.04754010667177435,-0.22581394426077595,0.30260511293059134,0,0,0.0,0.9720757664518649,/media/i9a2/WindowsData/Wsh/Brain_LLM_Project/4_Results_fmriprep25_test/llama/30B/base/layer57/base_subj4_corrlh.npy
30B,5,57,"(10242,)",0.05502056599619291,0.06364686497057734,0.027646725585521923,-0.1523874882182497,0.12650642259004502,0,0,0.0,0.9372192931068151,/media/i9a2/WindowsData/Wsh/Brain_LLM_Project/4_Results_fmriprep25_test/llama/30B/base/layer57/base_subj5_corrlh.npy
30B,6,57,"(10242,)",0.05888486799007698,0.06460416304189427,0.025122372564719178,-0.2017463351617818,0.15777736719557428,0,0,0.0,0.9590900214801796,/media/i9a2/WindowsData/Wsh/Brain_LLM_Project/4_Results_fmriprep25_test/llama/30B/base/layer57/base_subj6_corrlh.npy
30B,7,57,"(10242,)",0.10612145141715243,0.11213494037200145,0.02517372146046056,-0.11019196523288419,0.14997720201052855,0,0,0.0,0.9814489357547354,/media/i9a2/WindowsData/Wsh/Brain_LLM_Project/4_Results_fmriprep25_test/llama/30B/base/layer57/base_subj7_corrlh.npy
30B,8,57,"(10242,)",0.16503361132083805,0.18011908121736053,0.05803293594773752,-0.20904714374484556,0.2422945810198046,0,0,0.0,0.9605545791837532,/media/i9a2/WindowsData/Wsh/Brain_LLM_Project/4_Results_fmriprep25_test/llama/30B/base/layer57/base_subj8_corrlh.npy
30B,4,58,"(10242,)",0.12098421853496773,0.13002237067703382,0.034406342326342404,-0.16911510107572142,0.17381410160711439,0,0,0.0,0.9740285100566296,/media/i9a2/WindowsData/Wsh/Brain_LLM_Project/4_Results_fmriprep25_test/llama/30B/base/layer58/base_subj4_corrlh.npy
30B,5,58,"(10242,)",0.07509717365538494,0.08672652112382637,0.03693333357800902,-0.15053363340644038,0.15508054842332322,0,0,0.0,0.9372192931068151,/media/i9a2/WindowsData/Wsh/Brain_LLM_Project/4_Results_fmriprep25_test/llama/30B/base/layer58/base_subj5_corrlh.npy
30B,6,58,"(10242,)",-0.007940038865908827,-0.008719378226432494,0.007294731798957491,-0.0883666621402143,0.07129875648113168,0,0,0.0,0.05975395430579965,/media/i9a2/WindowsData/Wsh/Brain_LLM_Project/4_Results_fmriprep25_test/llama/30B/base/layer58/base_subj6_corrlh.npy
30B,7,58,"(10242,)",0.06410105938364345,0.06696430588861867,0.01441716464014071,-0.10199157473987865,0.11700690259785052,0,0,0.0,0.9836945909002148,/media/i9a2/WindowsData/Wsh/Brain_LLM_Project/4_Results_fmriprep25_test/llama/30B/base/layer58/base_subj7_corrlh.npy
30B,8,58,"(10242,)",0.21289347393446117,0.23521141481233382,0.08356859739675737,-0.2838238412911828,0.2946694718529279,0,0,0.0,0.9574301894161297,/media/i9a2/WindowsData/Wsh/Brain_LLM_Project/4_Results_fmriprep25_test/llama/30B/base/layer58/base_subj8_corrlh.npy
30B,4,59,"(10242,)",0.06133615802419839,0.06625272536975604,0.02021559375013995,-0.11806009014150594,0.12731149741161804,0,0,0.0,0.9705135715680531,/media/i9a2/WindowsData/Wsh/Brain_LLM_Project/4_Results_fmriprep25_test/llama/30B/base/layer59/base_subj4_corrlh.npy
30B,5,59,"(10242,)",0.06189012023863034,0.07340068692772361,0.03445848629651403,-0.1404606357551338,0.1453234782687068,0,0,0.0,0.9265768404608475,/media/i9a2/WindowsData/Wsh/Brain_LLM_Project/4_Results_fmriprep25_test/llama/30B/base/layer59/base_subj5_corrlh.npy
30B,6,59,"(10242,)",0.021202925654848832,0.023175785658355073,0.0095884086125554,-0.0681258624166994,0.06396459672880837,0,0,0.0,0.960456942003515,/media/i9a2/WindowsData/Wsh/Brain_LLM_Project/4_Results_fmriprep25_test/llama/30B/base/layer59/base_subj6_corrlh.npy
30B,7,59,"(10242,)",0.09165317277162806,0.09631930535745437,0.018918631276990856,-0.07752447715584748,0.13379828490804455,0,0,0.0,0.9858426088654559,/media/i9a2/WindowsData/Wsh/Brain_LLM_Project/4_Results_fmriprep25_test/llama/30B/base/layer59/base_subj7_corrlh.npy
30B,8,59,"(10242,)",0.14790631951736588,0.16106496989267272,0.05161897894480746,-0.20336250207507578,0.21745687197406147,0,0,0.0,0.9595782073813708,/media/i9a2/WindowsData/Wsh/Brain_LLM_Project/4_Results_fmriprep25_test/llama/30B/base/layer59/base_subj8_corrlh.npy
30B,4,6,"(10242,)",0.11854035626254984,0.1270359343416042,0.03499993448536301,-0.18987347134891341,0.19305614116368913,0,0,0.0,0.9738332356961531,/media/i9a2/WindowsData/Wsh/Brain_LLM_Project/4_Results_fmriprep25_test/llama/30B/base/layer6/base_subj4_corrlh.npy
30B,5,6,"(10242,)",0.11289278946307141,0.12787127365424084,0.047290055812081726,-0.17268767146398722,0.17759047196108285,0,0,0.0,0.9483499316539739,/media/i9a2/WindowsData/Wsh/Brain_LLM_Project/4_Results_fmriprep25_test/llama/30B/base/layer6/base_subj5_corrlh.npy
30B,6,6,"(10242,)",-0.0158869765938335,-0.01615767328204084,0.008864396778035098,-0.08535746219276968,0.0827974874297113,0,0,0.0,0.03173208357742628,/media/i9a2/WindowsData/Wsh/Brain_LLM_Project/4_Results_fmriprep25_test/llama/30B/base/layer6/base_subj6_corrlh.npy
30B,7,6,"(10242,)",0.09075069104871596,0.09631700090238635,0.0250582754369386,-0.1342666737846353,0.16336064584850232,0,0,0.0,0.977543448545206,/media/i9a2/WindowsData/Wsh/Brain_LLM_Project/4_Results_fmriprep25_test/llama/30B/base/layer6/base_subj7_corrlh.npy
30B,8,6,"(10242,)",0.2000337068086687,0.22198832345777925,0.07782294797854146,-0.266963434061387,0.27706110851457766,0,0,0.0,0.9553798086311267,/media/i9a2/WindowsData/Wsh/Brain_LLM_Project/4_Results_fmriprep25_test/llama/30B/base/layer6/base_subj8_corrlh.npy
30B,4,7,"(10242,)",0.06720501181979457,0.07321309501233256,0.022762561752789755,-0.14538094441346883,0.15812322363272727,0,0,0.0,0.9678773677016208,/media/i9a2/WindowsData/Wsh/Brain_LLM_Project/4_Results_fmriprep25_test/llama/30B/base/layer7/base_subj4_corrlh.npy
30B,5,7,"(10242,)",0.09563500463526439,0.1142955271287179,0.051993766908473425,-0.17562780646793508,0.1710028368792692,0,0,0.0,0.9275532122632298,/media/i9a2/WindowsData/Wsh/Brain_LLM_Project/4_Results_fmriprep25_test/llama/30B/base/layer7/base_subj5_corrlh.npy
30B,6,7,"(10242,)",0.02339483249314195,0.026125706104268277,0.015417411145211593,-0.09730728785082672,0.08936159338331026,0,0,0.0,0.9432727982815856,/media/i9a2/WindowsData/Wsh/Brain_LLM_Project/4_Results_fmriprep25_test/llama/30B/base/layer7/base_subj6_corrlh.npy
30B,7,7,"(10242,)",0.08237548507203703,0.08794109696390498,0.0239749068215147,-0.11394066080773733,0.15982021230219623,0,0,0.0,0.9741261472368677,/media/i9a2/WindowsData/Wsh/Brain_LLM_Project/4_Results_fmriprep25_test/llama/30B/base/layer7/base_subj7_corrlh.npy
30B,8,7,"(10242,)",0.21098837580359173,0.23405585770638537,0.08037258064702964,-0.26946351626394244,0.2847911699292024,0,0,0.0,0.9559656317125561,/media/i9a2/WindowsData/Wsh/Brain_LLM_Project/4_Results_fmriprep25_test/llama/30B/base/layer7/base_subj8_corrlh.npy
30B,4,8,"(10242,)",0.04223141525752125,0.04511792109771337,0.0143169463306647,-0.11715737784435938,0.11499007645078442,0,0,0.0,0.9731497754344854,/media/i9a2/WindowsData/Wsh/Brain_LLM_Project/4_Results_fmriprep25_test/llama/30B/base/layer8/base_subj4_corrlh.npy
30B,5,8,"(10242,)",0.08096378508828624,0.09180001986954944,0.03448765055361578,-0.13435489164027492,0.1554152599949875,0,0,0.0,0.9456160906073032,/media/i9a2/WindowsData/Wsh/Brain_LLM_Project/4_Results_fmriprep25_test/llama/30B/base/layer8/base_subj5_corrlh.npy
30B,6,8,"(10242,)",0.022428854106308523,0.024019659299772813,0.010084303734383408,-0.07829979101817874,0.11466153963287054,0,0,0.0,0.9630931458699473,/media/i9a2/WindowsData/Wsh/Brain_LLM_Project/4_Results_fmriprep25_test/llama/30B/base/layer8/base_subj6_corrlh.npy
30B,7,8,"(10242,)",0.06223842807908096,0.06536289450526658,0.015327377891020805,-0.10118539416724104,0.12905962699105583,0,0,0.0,0.9809607498535442,/media/i9a2/WindowsData/Wsh/Brain_LLM_Project/4_Results_fmriprep25_test/llama/30B/base/layer8/base_subj7_corrlh.npy
30B,8,8,"(10242,)",0.15072560011059072,0.1652093534164466,0.05324813313386204,-0.17029119868342496,0.2251319999195016,0,0,0.0,0.958797109939465,/media/i9a2/WindowsData/Wsh/Brain_LLM_Project/4_Results_fmriprep25_test/llama/30B/base/layer8/base_subj8_corrlh.npy
30B,4,9,"(10242,)",0.055048404132745726,0.06042379644161789,0.020788221813481694,-0.13036672042361702,0.16292959023500006,0,0,0.0,0.9651435266549502,/media/i9a2/WindowsData/Wsh/Brain_LLM_Project/4_Results_fmriprep25_test/llama/30B/base/layer9/base_subj4_corrlh.npy
30B,5,9,"(10242,)",0.04913878018462353,0.05732053452644781,0.0262596096612863,-0.12346822894494067,0.13784721519728463,0,0,0.0,0.9310681507518063,/media/i9a2/WindowsData/Wsh/Brain_LLM_Project/4_Results_fmriprep25_test/llama/30B/base/layer9/base_subj5_corrlh.npy
30B,6,9,"(10242,)",-0.009082401723142884,-0.009482916007939449,0.007039908152887396,-0.07636084581557172,0.09692969623671202,0,0,0.0,0.04754930677602031,/media/i9a2/WindowsData/Wsh/Brain_LLM_Project/4_Results_fmriprep25_test/llama/30B/base/layer9/base_subj6_corrlh.npy
30B,7,9,"(10242,)",0.08521861716694376,0.08919655996976901,0.019416431187878943,-0.0947510745634736,0.1381941227918159,0,0,0.0,0.9836945909002148,/media/i9a2/WindowsData/Wsh/Brain_LLM_Project/4_Results_fmriprep25_test/llama/30B/base/layer9/base_subj7_corrlh.npy
30B,8,9,"(10242,)",0.1553950932554059,0.1720254744825227,0.05955655423966904,-0.20796424232145583,0.23283601403176082,0,0,0.0,0.9565514547939855,/media/i9a2/WindowsData/Wsh/Brain_LLM_Project/4_Results_fmriprep25_test/llama/30B/base/layer9/base_subj8_corrlh.npy
65B,4,27,"(10242,)",0.06251989196547376,0.06850740704860406,0.02083209175014313,-0.1448056509642427,0.16215709313754795,0,0,0.0,0.969634836945909,/media/i9a2/WindowsData/Wsh/Brain_LLM_Project/4_Results_fmriprep25_test/llama/65B/base/layer27/base_subj4_corrlh.npy
65B,5,27,"(10242,)",0.11909355417497167,0.1327422608334078,0.049942436070131144,-0.2872771357562357,0.2695567454012886,0,0,0.0,0.9527436047646944,/media/i9a2/WindowsData/Wsh/Brain_LLM_Project/4_Results_fmriprep25_test/llama/65B/base/layer27/base_subj5_corrlh.npy
65B,6,27,"(10242,)",-0.007657726661841717,-0.009336668087780223,0.008741400290961043,-0.054665553082078204,0.06720844007692624,0,0,0.0,0.08055067369654365,/media/i9a2/WindowsData/Wsh/Brain_LLM_Project/4_Results_fmriprep25_test/llama/65B/base/layer27/base_subj6_corrlh.npy
65B,7,27,"(10242,)",0.022823320058957024,0.024104198733352313,0.009526803336914346,-0.07673996405842849,0.09270133237800657,0,0,0.0,0.9715875805506737,/media/i9a2/WindowsData/Wsh/Brain_LLM_Project/4_Results_fmriprep25_test/llama/65B/base/layer27/base_subj7_corrlh.npy
65B,8,27,"(10242,)",0.12015876402224568,0.13270133193496658,0.04526176785939663,-0.17594688290068577,0.19587300749706135,0,0,0.0,0.9577231009568443,/media/i9a2/WindowsData/Wsh/Brain_LLM_Project/4_Results_fmriprep25_test/llama/65B/base/layer27/base_subj8_corrlh.npy
65B,4,46,"(10242,)",0.0008463522283887092,0.0017558420143990406,0.0202010171585781,-0.16749511527432467,0.13753190778393856,0,0,0.0,0.5797695762546378,/media/i9a2/WindowsData/Wsh/Brain_LLM_Project/4_Results_fmriprep25_test/llama/65B/base/layer46/base_subj4_corrlh.npy
65B,5,46,"(10242,)",-0.013449324191143317,-0.013988897528583158,0.014294515085895694,-0.1038245911670139,0.12019428491474554,0,0,0.0,0.08250341730130833,/media/i9a2/WindowsData/Wsh/Brain_LLM_Project/4_Results_fmriprep25_test/llama/65B/base/layer46/base_subj5_corrlh.npy
65B,6,46,"(10242,)",0.017758085377121494,0.01908234385231725,0.011389038242760066,-0.09693025120656361,0.12265022353870254,0,0,0.0,0.948838117555165,/media/i9a2/WindowsData/Wsh/Brain_LLM_Project/4_Results_fmriprep25_test/llama/65B/base/layer46/base_subj6_corrlh.npy
65B,7,46,"(10242,)",0.019835510566793724,0.021432252734880933,0.013281884282040921,-0.2048252061438876,0.11495718445716599,0,0,0.0,0.9483499316539739,/media/i9a2/WindowsData/Wsh/Brain_LLM_Project/4_Results_fmriprep25_test/llama/65B/base/layer46/base_subj7_corrlh.npy
65B,8,46,"(10242,)",0.10622238205886796,0.11930577016917951,0.04656968730030914,-0.18792338754330035,0.18744297040413088,0,0,0.0,0.9500097637180238,/media/i9a2/WindowsData/Wsh/Brain_LLM_Project/4_Results_fmriprep25_test/llama/65B/base/layer46/base_subj8_corrlh.npy
65B,4,0,"(10242,)",0.08985283253391137,0.09637171027478747,0.024876700139893612,-0.11633242138003777,0.15837728700290538,0,0,0.0,0.977543448545206,/media/i9a2/WindowsData/Wsh/Brain_LLM_Project/4_Results_fmriprep25_test/llama/65B/base/layer0/base_subj4_corrlh.npy
65B,5,0,"(10242,)",0.08944081391763994,0.10301212041697161,0.041000543716334194,-0.16199342928064467,0.15682851057788616,0,0,0.0,0.9391720367115798,/media/i9a2/WindowsData/Wsh/Brain_LLM_Project/4_Results_fmriprep25_test/llama/65B/base/layer0/base_subj5_corrlh.npy
65B,6,0,"(10242,)",0.030038614584067185,0.03244044438542867,0.011834945746513444,-0.12294130943983178,0.09711301718687002,0,0,0.0,0.9661198984573326,/media/i9a2/WindowsData/Wsh/Brain_LLM_Project/4_Results_fmriprep25_test/llama/65B/base/layer0/base_subj6_corrlh.npy
65B,7,0,"(10242,)",0.07803722352075106,0.08258737428064072,0.018074932892805068,-0.09625130164138707,0.10860745840361309,0,0,0.0,0.982132396016403,/media/i9a2/WindowsData/Wsh/Brain_LLM_Project/4_Results_fmriprep25_test/llama/65B/base/layer0/base_subj7_corrlh.npy
65B,8,0,"(10242,)",0.191339427687105,0.2097786491396076,0.06820633410128261,-0.22180325607403717,0.26568521513072363,0,0,0.0,0.9590900214801796,/media/i9a2/WindowsData/Wsh/Brain_LLM_Project/4_Results_fmriprep25_test/llama/65B/base/layer0/base_subj8_corrlh.npy
65B,4,1,"(10242,)",0.07041730852862715,0.07510051639967441,0.019688303679218498,-0.1327652540627168,0.11701545168472734,0,0,0.0,0.977543448545206,/media/i9a2/WindowsData/Wsh/Brain_LLM_Project/4_Results_fmriprep25_test/llama/65B/base/layer1/base_subj4_corrlh.npy
65B,5,1,"(10242,)",0.10192569124200576,0.11498572672970701,0.04219098418027206,-0.16783657408778838,0.17359742985673665,0,0,0.0,0.9481546572934973,/media/i9a2/WindowsData/Wsh/Brain_LLM_Project/4_Results_fmriprep25_test/llama/65B/base/layer1/base_subj5_corrlh.npy
65B,6,1,"(10242,)",0.07771037610683601,0.08257545171077614,0.02185039657470416,-0.15654572504608338,0.1771456438202138,0,0,0.0,0.9753954305799648,/media/i9a2/WindowsData/Wsh/Brain_LLM_Project/4_Results_fmriprep25_test/llama/65B/base/layer1/base_subj6_corrlh.npy
65B,7,1,"(10242,)",0.08328236102792191,0.08812223593455948,0.02037750591079166,-0.1238581917207286,0.13133583008562685,0,0,0.0,0.9801796524116384,/media/i9a2/WindowsData/Wsh/Brain_LLM_Project/4_Results_fmriprep25_test/llama/65B/base/layer1/base_subj7_corrlh.npy
65B,8,1,"(10242,)",0.21347287364958847,0.2327831496601244,0.07401585981727461,-0.23887622231162509,0.2958955349472459,0,0,0.0,0.961335676625659,/media/i9a2/WindowsData/Wsh/Brain_LLM_Project/4_Results_fmriprep25_test/llama/65B/base/layer1/base_subj8_corrlh.npy
65B,4,10,"(10242,)",0.06930199378521598,0.07519874338482199,0.025618313162579714,-0.17154715558251726,0.17622103167490083,0,0,0.0,0.9685608279632885,/media/i9a2/WindowsData/Wsh/Brain_LLM_Project/4_Results_fmriprep25_test/llama/65B/base/layer10/base_subj4_corrlh.npy
65B,5,10,"(10242,)",0.07449193911631642,0.08353559307423916,0.03187276780026533,-0.14524148851886046,0.1616071528086712,0,0,0.0,0.9469830111306385,/media/i9a2/WindowsData/Wsh/Brain_LLM_Project/4_Results_fmriprep25_test/llama/65B/base/layer10/base_subj5_corrlh.npy
65B,6,10,"(10242,)",-0.004677271387083593,-0.004855448170126543,0.00845740716592479,-0.08515837315925309,0.10517523038896978,0,0,0.0,0.10359304823276703,/media/i9a2/WindowsData/Wsh/Brain_LLM_Project/4_Results_fmriprep25_test/llama/65B/base/layer10/base_subj6_corrlh.npy
65B,7,10,"(10242,)",0.08810182042382304,0.09470735950041638,0.028391770100690234,-0.1785976502075796,0.19898234928802777,0,0,0.0,0.9722710408123414,/media/i9a2/WindowsData/Wsh/Brain_LLM_Project/4_Results_fmriprep25_test/llama/65B/base/layer10/base_subj7_corrlh.npy
65B,8,10,"(10242,)",0.15587373858508746,0.1733278708124413,0.061460636054774864,-0.21136214175205104,0.2155664189236322,0,0,0.0,0.9552821714508885,/media/i9a2/WindowsData/Wsh/Brain_LLM_Project/4_Results_fmriprep25_test/llama/65B/base/layer10/base_subj8_corrlh.npy
65B,4,11,"(10242,)",0.06627725408933287,0.0732820430579749,0.024833180618711943,-0.14436817710752925,0.14761950670822638,0,0,0.0,0.9638742433118531,/media/i9a2/WindowsData/Wsh/Brain_LLM_Project/4_Results_fmriprep25_test/llama/65B/base/layer11/base_subj4_corrlh.npy
65B,5,11,"(10242,)",0.09968007980312422,0.11174251630788667,0.04072892097090206,-0.16466147248761223,0.17522917948815522,0,0,0.0,0.9500097637180238,/media/i9a2/WindowsData/Wsh/Brain_LLM_Project/4_Results_fmriprep25_test/llama/65B/base/layer11/base_subj5_corrlh.npy
65B,6,11,"(10242,)",0.04500211352975283,0.048410467245445774,0.014490296841977906,-0.07672326556464665,0.10248352547107767,0,0,0.0,0.968365553602812,/media/i9a2/WindowsData/Wsh/Brain_LLM_Project/4_Results_fmriprep25_test/llama/65B/base/layer11/base_subj6_corrlh.npy
65B,7,11,"(10242,)",0.054351229100705195,0.05810776305497426,0.018262267947776606,-0.09597247847541922,0.11029208183865374,0,0,0.0,0.9720757664518649,/media/i9a2/WindowsData/Wsh/Brain_LLM_Project/4_Results_fmriprep25_test/llama/65B/base/layer11/base_subj7_corrlh.npy
65B,8,11,"(10242,)",0.1438528502093076,0.1595354121727664,0.05556500997885961,-0.18470525735518195,0.19994788988594703,0,0,0.0,0.9564538176137474,/media/i9a2/WindowsData/Wsh/Brain_LLM_Project/4_Results_fmriprep25_test/llama/65B/base/layer11/base_subj8_corrlh.npy
65B,4,12,"(10242,)",0.06756773161283695,0.07397107144987014,0.02302014264239935,-0.11999608738692849,0.1333510023187851,0,0,0.0,0.9681702792423355,/media/i9a2/WindowsData/Wsh/Brain_LLM_Project/4_Results_fmriprep25_test/llama/65B/base/layer12/base_subj4_corrlh.npy
65B,5,12,"(10242,)",0.055539674275569315,0.06121298791938476,0.028142009616106196,-0.13601913226372905,0.12568873452772222,0,0,0.0,0.9412224174965828,/media/i9a2/WindowsData/Wsh/Brain_LLM_Project/4_Results_fmriprep25_test/llama/65B/base/layer12/base_subj5_corrlh.npy
65B,6,12,"(10242,)",0.06556964986248358,0.0712989787054418,0.02271896366539785,-0.12523898782948872,0.10480434830323992,0,0,0.0,0.9668033587190002,/media/i9a2/WindowsData/Wsh/Brain_LLM_Project/4_Results_fmriprep25_test/llama/65B/base/layer12/base_subj6_corrlh.npy
65B,7,12,"(10242,)",0.0762395873463246,0.07984374605889492,0.018545110308396968,-0.11410030834529164,0.14462220434280754,0,0,0.0,0.9833040421792618,/media/i9a2/WindowsData/Wsh/Brain_LLM_Project/4_Results_fmriprep25_test/llama/65B/base/layer12/base_subj7_corrlh.npy
65B,8,12,"(10242,)",0.12081031920806379,0.1324772221520844,0.04218883222035054,-0.15938381611734476,0.17231647700443564,0,0,0.0,0.959675844561609,/media/i9a2/WindowsData/Wsh/Brain_LLM_Project/4_Results_fmriprep25_test/llama/65B/base/layer12/base_subj8_corrlh.npy
65B,4,13,"(10242,)",0.017057470837814812,0.018393365782436187,0.012784975191813406,-0.13955958515316869,0.12375016224156558,0,0,0.0,0.9419058777582503,/media/i9a2/WindowsData/Wsh/Brain_LLM_Project/4_Results_fmriprep25_test/llama/65B/base/layer13/base_subj4_corrlh.npy
65B,5,13,"(10242,)",0.0602814011315215,0.06352734581768049,0.02946619319513393,-0.1368790910198262,0.19589765574475282,0,0,0.0,0.9547939855496973,/media/i9a2/WindowsData/Wsh/Brain_LLM_Project/4_Results_fmriprep25_test/llama/65B/base/layer13/base_subj5_corrlh.npy
65B,6,13,"(10242,)",0.022148128690367242,0.02374387403183071,0.01049942829287019,-0.10477165143635397,0.09543011287305544,0,0,0.0,0.960456942003515,/media/i9a2/WindowsData/Wsh/Brain_LLM_Project/4_Results_fmriprep25_test/llama/65B/base/layer13/base_subj6_corrlh.npy
65B,7,13,"(10242,)",0.06451200712053694,0.06890921371303654,0.018978614155377365,-0.11811335289052366,0.14296666200492744,0,0,0.0,0.9760788908416325,/media/i9a2/WindowsData/Wsh/Brain_LLM_Project/4_Results_fmriprep25_test/llama/65B/base/layer13/base_subj7_corrlh.npy
65B,8,13,"(10242,)",0.13009311223828676,0.1386668527583197,0.0386395812410794,-0.14528107132329343,0.221491427679379,0,0,0.0,0.9689513766842414,/media/i9a2/WindowsData/Wsh/Brain_LLM_Project/4_Results_fmriprep25_test/llama/65B/base/layer13/base_subj8_corrlh.npy
65B,4,14,"(10242,)",0.03654466250709041,0.03890215281526621,0.013974229867430745,-0.1117535719003186,0.1372415877693131,0,0,0.0,0.9734426869752002,/media/i9a2/WindowsData/Wsh/Brain_LLM_Project/4_Results_fmriprep25_test/llama/65B/base/layer14/base_subj4_corrlh.npy
65B,5,14,"(10242,)",0.06554627033776393,0.07083128961801176,0.028145869596406532,-0.12669906558831226,0.15145366467648097,0,0,0.0,0.953427065026362,/media/i9a2/WindowsData/Wsh/Brain_LLM_Project/4_Results_fmriprep25_test/llama/65B/base/layer14/base_subj5_corrlh.npy
65B,6,14,"(10242,)",0.027377798483637743,0.028559786154280502,0.009992715605711414,-0.09207324789360723,0.12958409983065858,0,0,0.0,0.9761765280218707,/media/i9a2/WindowsData/Wsh/Brain_LLM_Project/4_Results_fmriprep25_test/llama/65B/base/layer14/base_subj6_corrlh.npy
65B,7,14,"(10242,)",0.051977816186823435,0.05452353046496772,0.01578504842890651,-0.09512699290441584,0.1390228019939762,0,0,0.0,0.9798867408709236,/media/i9a2/WindowsData/Wsh/Brain_LLM_Project/4_Results_fmriprep25_test/llama/65B/base/layer14/base_subj7_corrlh.npy
65B,8,14,"(10242,)",0.1372962892023234,0.14792264772147512,0.04365926556528709,-0.1623290646745803,0.2220005390660163,0,0,0.0,0.9653388010154267,/media/i9a2/WindowsData/Wsh/Brain_LLM_Project/4_Results_fmriprep25_test/llama/65B/base/layer14/base_subj8_corrlh.npy
65B,4,15,"(10242,)",0.09605955052872425,0.10349783576274682,0.025532796197357262,-0.15684478097669075,0.13969469278581548,0,0,0.0,0.9789103690685413,/media/i9a2/WindowsData/Wsh/Brain_LLM_Project/4_Results_fmriprep25_test/llama/65B/base/layer15/base_subj4_corrlh.npy
65B,5,15,"(10242,)",0.0949353026224638,0.11030524788435092,0.044824225203514506,-0.17933297919616903,0.1707759879378618,0,0,0.0,0.9345830892403827,/media/i9a2/WindowsData/Wsh/Brain_LLM_Project/4_Results_fmriprep25_test/llama/65B/base/layer15/base_subj5_corrlh.npy
65B,6,15,"(10242,)",-0.0013451523514472438,-0.002075335752086979,0.010273825978424043,-0.10172790972181789,0.09944520873488871,0,0,0.0,0.27709431751611013,/media/i9a2/WindowsData/Wsh/Brain_LLM_Project/4_Results_fmriprep25_test/llama/65B/base/layer15/base_subj6_corrlh.npy
65B,7,15,"(10242,)",0.05115552543826072,0.05364364547505425,0.012775782982738666,-0.08369482711346728,0.16294403147824194,0,0,0.0,0.9828158562780707,/media/i9a2/WindowsData/Wsh/Brain_LLM_Project/4_Results_fmriprep25_test/llama/65B/base/layer15/base_subj7_corrlh.npy
65B,8,15,"(10242,)",0.1819884950231619,0.1985667337198789,0.06047398132835002,-0.19403425531980312,0.2451706466827605,0,0,0.0,0.9620191368873267,/media/i9a2/WindowsData/Wsh/Brain_LLM_Project/4_Results_fmriprep25_test/llama/65B/base/layer15/base_subj8_corrlh.npy
65B,4,16,"(10242,)",0.08333427051264651,0.0890564635475285,0.02224113385673613,-0.12150482193232284,0.15040131715277105,0,0,0.0,0.9786174575278266,/media/i9a2/WindowsData/Wsh/Brain_LLM_Project/4_Results_fmriprep25_test/llama/65B/base/layer16/base_subj4_corrlh.npy
65B,5,16,"(10242,)",0.11370480390164853,0.13110248188046367,0.05390022107061082,-0.2991539534565132,0.20426300482073012,0,0,0.0,0.938879125170865,/media/i9a2/WindowsData/Wsh/Brain_LLM_Project/4_Results_fmriprep25_test/llama/65B/base/layer16/base_subj5_corrlh.npy
65B,6,16,"(10242,)",0.009435003163469822,0.011041942683370606,0.010536511773565764,-0.10304374905322557,0.09327776845528829,0,0,0.0,0.9213044327279828,/media/i9a2/WindowsData/Wsh/Brain_LLM_Project/4_Results_fmriprep25_test/llama/65B/base/layer16/base_subj6_corrlh.npy
65B,7,16,"(10242,)",0.08585572093872224,0.09057593647580957,0.02244637668947923,-0.1264972080206288,0.17739037713089578,0,0,0.0,0.9793009177894942,/media/i9a2/WindowsData/Wsh/Brain_LLM_Project/4_Results_fmriprep25_test/llama/65B/base/layer16/base_subj7_corrlh.npy
65B,8,16,"(10242,)",0.17979686281069124,0.1972493151468943,0.06385328444534441,-0.20890262502911874,0.2562124381625312,0,0,0.0,0.9583089240382737,/media/i9a2/WindowsData/Wsh/Brain_LLM_Project/4_Results_fmriprep25_test/llama/65B/base/layer16/base_subj8_corrlh.npy
65B,4,17,"(10242,)",0.06516752558148989,0.06790517151015893,0.02290276383915286,-0.12225801321896758,0.19384290993438438,0,0,0.0,0.9769576254637766,/media/i9a2/WindowsData/Wsh/Brain_LLM_Project/4_Results_fmriprep25_test/llama/65B/base/layer17/base_subj4_corrlh.npy
65B,5,17,"(10242,)",0.05542007592283873,0.061865552440029094,0.035048220003678875,-0.16907817730872157,0.18102799827896468,0,0,0.0,0.929701230228471,/media/i9a2/WindowsData/Wsh/Brain_LLM_Project/4_Results_fmriprep25_test/llama/65B/base/layer17/base_subj5_corrlh.npy
65B,6,17,"(10242,)",0.007836660082455808,0.008583357903160421,0.011597061513207928,-0.14205660656666003,0.12814535504240884,0,0,0.0,0.9154462019136888,/media/i9a2/WindowsData/Wsh/Brain_LLM_Project/4_Results_fmriprep25_test/llama/65B/base/layer17/base_subj6_corrlh.npy
65B,7,17,"(10242,)",0.05672536941470407,0.05937574325269644,0.01597046467345956,-0.10983121085945997,0.12151071693150417,0,0,0.0,0.9787150947080648,/media/i9a2/WindowsData/Wsh/Brain_LLM_Project/4_Results_fmriprep25_test/llama/65B/base/layer17/base_subj7_corrlh.npy
65B,8,17,"(10242,)",0.17899817393120238,0.19517716958709572,0.05805702845654805,-0.19009295401504672,0.25376229325657906,0,0,0.0,0.9629955086897091,/media/i9a2/WindowsData/Wsh/Brain_LLM_Project/4_Results_fmriprep25_test/llama/65B/base/layer17/base_subj8_corrlh.npy
65B,4,18,"(10242,)",0.04404451489748728,0.04855482817042753,0.018092348052280053,-0.13323053540905588,0.10647623678934812,0,0,0.0,0.9639718804920914,/media/i9a2/WindowsData/Wsh/Brain_LLM_Project/4_Results_fmriprep25_test/llama/65B/base/layer18/base_subj4_corrlh.npy
65B,5,18,"(10242,)",0.08422539335824188,0.09639319312963522,0.036714552337101115,-0.15886075314236248,0.21003747821943147,0,0,0.0,0.9440538957234915,/media/i9a2/WindowsData/Wsh/Brain_LLM_Project/4_Results_fmriprep25_test/llama/65B/base/layer18/base_subj5_corrlh.npy
65B,6,18,"(10242,)",-0.014844777136500545,-0.017135815694423254,0.015169357349441439,-0.12023199020131223,0.13798254866676374,0,0,0.0,0.07156805311462605,/media/i9a2/WindowsData/Wsh/Brain_LLM_Project/4_Results_fmriprep25_test/llama/65B/base/layer18/base_subj6_corrlh.npy
65B,7,18,"(10242,)",0.05839717902947381,0.06177654070129136,0.01540954383259118,-0.12127602728528189,0.1160090159593415,0,0,0.0,0.980863112673306,/media/i9a2/WindowsData/Wsh/Brain_LLM_Project/4_Results_fmriprep25_test/llama/65B/base/layer18/base_subj7_corrlh.npy
65B,8,18,"(10242,)",0.14364723527844964,0.1576701216063078,0.050938354134578825,-0.19574855470818134,0.2364505353982596,0,0,0.0,0.9592852958406561,/media/i9a2/WindowsData/Wsh/Brain_LLM_Project/4_Results_fmriprep25_test/llama/65B/base/layer18/base_subj8_corrlh.npy
65B,4,19,"(10242,)",0.03908300508434179,0.04163886933907639,0.014430921343952633,-0.1260348292817183,0.1326514405898055,0,0,0.0,0.9734426869752002,/media/i9a2/WindowsData/Wsh/Brain_LLM_Project/4_Results_fmriprep25_test/llama/65B/base/layer19/base_subj4_corrlh.npy
65B,5,19,"(10242,)",-0.0038955370575078046,-0.0041381871639755985,0.016867699379301025,-0.12045013792033235,0.13835689916769525,0,0,0.0,0.269966803358719,/media/i9a2/WindowsData/Wsh/Brain_LLM_Project/4_Results_fmriprep25_test/llama/65B/base/layer19/base_subj5_corrlh.npy
65B,6,19,"(10242,)",-0.041676778277140995,-0.045091175673320244,0.014985058678545804,-0.09441590201468565,0.07516859719419844,0,0,0.0,0.03348955282171451,/media/i9a2/WindowsData/Wsh/Brain_LLM_Project/4_Results_fmriprep25_test/llama/65B/base/layer19/base_subj6_corrlh.npy
65B,7,19,"(10242,)",0.011905911918558765,0.012787574381254944,0.009970439325487353,-0.086016710062448,0.11614639550770073,0,0,0.0,0.9428822495606327,/media/i9a2/WindowsData/Wsh/Brain_LLM_Project/4_Results_fmriprep25_test/llama/65B/base/layer19/base_subj7_corrlh.npy
65B,8,19,"(10242,)",0.05922536081386991,0.06448183672021013,0.02447342104132242,-0.15989285029322825,0.18546205168233926,0,0,0.0,0.9592852958406561,/media/i9a2/WindowsData/Wsh/Brain_LLM_Project/4_Results_fmriprep25_test/llama/65B/base/layer19/base_subj8_corrlh.npy
65B,4,2,"(10242,)",0.04572430952051579,0.047645851549526316,0.014965502546333548,-0.12542999662876578,0.13572675493803932,0,0,0.0,0.9777387229056825,/media/i9a2/WindowsData/Wsh/Brain_LLM_Project/4_Results_fmriprep25_test/llama/65B/base/layer2/base_subj4_corrlh.npy
65B,5,2,"(10242,)",0.11373762100567926,0.1289711807938536,0.047004666459795987,-0.15299761965648562,0.21751578736812893,0,0,0.0,0.9461042765084944,/media/i9a2/WindowsData/Wsh/Brain_LLM_Project/4_Results_fmriprep25_test/llama/65B/base/layer2/base_subj5_corrlh.npy
65B,6,2,"(10242,)",0.0366220408172758,0.03798800186605311,0.011621034833548836,-0.07589960759874731,0.0987649507796802,0,0,0.0,0.9793009177894942,/media/i9a2/WindowsData/Wsh/Brain_LLM_Project/4_Results_fmriprep25_test/llama/65B/base/layer2/base_subj6_corrlh.npy
65B,7,2,"(10242,)",0.072857308389217,0.07760539212487759,0.0213593452076376,-0.13859801086006243,0.13795973422040608,0,0,0.0,0.974614333138059,/media/i9a2/WindowsData/Wsh/Brain_LLM_Project/4_Results_fmriprep25_test/llama/65B/base/layer2/base_subj7_corrlh.npy
65B,8,2,"(10242,)",0.23336708880409007,0.25589755240981027,0.08152594411771681,-0.2578395096034367,0.31521579233707303,0,0,0.0,0.960456942003515,/media/i9a2/WindowsData/Wsh/Brain_LLM_Project/4_Results_fmriprep25_test/llama/65B/base/layer2/base_subj8_corrlh.npy
65B,4,20,"(10242,)",0.04516381681894698,0.05207429749038443,0.02446159488503799,-0.1558531106673852,0.14586070104521118,0,0,0.0,0.9440538957234915,/media/i9a2/WindowsData/Wsh/Brain_LLM_Project/4_Results_fmriprep25_test/llama/65B/base/layer20/base_subj4_corrlh.npy
65B,5,20,"(10242,)",0.04118617982437326,0.04356451202859127,0.02048457631671228,-0.10947080410219764,0.14250834064235182,0,0,0.0,0.9528412419449326,/media/i9a2/WindowsData/Wsh/Brain_LLM_Project/4_Results_fmriprep25_test/llama/65B/base/layer20/base_subj5_corrlh.npy
65B,6,20,"(10242,)",0.0451848981951018,0.04820545134459651,0.014232483431984569,-0.08840526537371698,0.1027176582637568,0,0,0.0,0.9741261472368677,/media/i9a2/WindowsData/Wsh/Brain_LLM_Project/4_Results_fmriprep25_test/llama/65B/base/layer20/base_subj6_corrlh.npy
65B,7,20,"(10242,)",0.08421100178056058,0.08901911922470257,0.021610976575444724,-0.184251222426294,0.17506786507806735,0,0,0.0,0.9809607498535442,/media/i9a2/WindowsData/Wsh/Brain_LLM_Project/4_Results_fmriprep25_test/llama/65B/base/layer20/base_subj7_corrlh.npy
65B,8,20,"(10242,)",0.1301361881838337,0.14240013899063658,0.0453557812103591,-0.16959275645945346,0.22067200625450722,0,0,0.0,0.9609451279047061,/media/i9a2/WindowsData/Wsh/Brain_LLM_Project/4_Results_fmriprep25_test/llama/65B/base/layer20/base_subj8_corrlh.npy
65B,4,21,"(10242,)",0.07707041992847928,0.08230927248239595,0.021812842681427982,-0.12731892801875885,0.13926686320061954,0,0,0.0,0.9770552626440149,/media/i9a2/WindowsData/Wsh/Brain_LLM_Project/4_Results_fmriprep25_test/llama/65B/base/layer21/base_subj4_corrlh.npy
65B,5,21,"(10242,)",0.03437922494783317,0.043869326919955064,0.035463916866047634,-0.17831287043105554,0.17121608614488035,0,0,0.0,0.8800039054872095,/media/i9a2/WindowsData/Wsh/Brain_LLM_Project/4_Results_fmriprep25_test/llama/65B/base/layer21/base_subj5_corrlh.npy
65B,6,21,"(10242,)",-0.016624918551502357,-0.01793109906989338,0.01001293402180658,-0.13371861670461282,0.09410464072566957,0,0,0.0,0.04491310290958797,/media/i9a2/WindowsData/Wsh/Brain_LLM_Project/4_Results_fmriprep25_test/llama/65B/base/layer21/base_subj6_corrlh.npy
65B,7,21,"(10242,)",0.041859841595682436,0.04396251526790673,0.01054346385683775,-0.08259004670723735,0.08960026104319062,0,0,0.0,0.9815465729349736,/media/i9a2/WindowsData/Wsh/Brain_LLM_Project/4_Results_fmriprep25_test/llama/65B/base/layer21/base_subj7_corrlh.npy
65B,8,21,"(10242,)",0.2159550247147035,0.23866245320487195,0.08093747759725942,-0.2531968248257201,0.2991209066056776,0,0,0.0,0.9578207381370826,/media/i9a2/WindowsData/Wsh/Brain_LLM_Project/4_Results_fmriprep25_test/llama/65B/base/layer21/base_subj8_corrlh.npy
65B,4,22,"(10242,)",0.013077657835766773,0.017404094213780356,0.020954756623219262,-0.15882751407047674,0.09615779946805655,0,0,0.0,0.8637961335676626,/media/i9a2/WindowsData/Wsh/Brain_LLM_Project/4_Results_fmriprep25_test/llama/65B/base/layer22/base_subj4_corrlh.npy
65B,5,22,"(10242,)",0.03078186564236004,0.036628731278088106,0.024938668355564384,-0.15479374209873603,0.15735919164829584,0,0,0.0,0.9137863698496388,/media/i9a2/WindowsData/Wsh/Brain_LLM_Project/4_Results_fmriprep25_test/llama/65B/base/layer22/base_subj5_corrlh.npy
65B,6,22,"(10242,)",-0.0355897273318419,-0.037253501015313745,0.011736655233056633,-0.09639624307856239,0.08317288208116272,0,0,0.0,0.022261277094317515,/media/i9a2/WindowsData/Wsh/Brain_LLM_Project/4_Results_fmriprep25_test/llama/65B/base/layer22/base_subj6_corrlh.npy
65B,7,22,"(10242,)",0.07491824605225984,0.07761584431818228,0.02190916475378432,-0.22059189957749517,0.23569139720027785,0,0,0.0,0.982132396016403,/media/i9a2/WindowsData/Wsh/Brain_LLM_Project/4_Results_fmriprep25_test/llama/65B/base/layer22/base_subj7_corrlh.npy
65B,8,22,"(10242,)",0.11731015615003362,0.12802610452139118,0.04132008222609061,-0.1777893323068126,0.22536693858502393,0,0,0.0,0.960456942003515,/media/i9a2/WindowsData/Wsh/Brain_LLM_Project/4_Results_fmriprep25_test/llama/65B/base/layer22/base_subj8_corrlh.npy
65B,4,23,"(10242,)",0.0822003483977867,0.08922457362813274,0.02251977644270888,-0.1694951497949732,0.1163792285290276,0,0,0.0,0.9771528998242531,/media/i9a2/WindowsData/Wsh/Brain_LLM_Project/4_Results_fmriprep25_test/llama/65B/base/layer23/base_subj4_corrlh.npy
65B,5,23,"(10242,)",0.0749917258894733,0.08008381758369411,0.03636355171346088,-0.196450255060616,0.21967109008758087,0,0,0.0,0.9481546572934973,/media/i9a2/WindowsData/Wsh/Brain_LLM_Project/4_Results_fmriprep25_test/llama/65B/base/layer23/base_subj5_corrlh.npy
65B,6,23,"(10242,)",0.010426574737378113,0.011163941093348836,0.008965525509141866,-0.12088517171612159,0.088846318152495,0,0,0.0,0.9443468072642062,/media/i9a2/WindowsData/Wsh/Brain_LLM_Project/4_Results_fmriprep25_test/llama/65B/base/layer23/base_subj6_corrlh.npy
65B,7,23,"(10242,)",0.06995258243615873,0.07430601156773564,0.017922832720586257,-0.11574775009201813,0.1183131989618029,0,0,0.0,0.9790080062487795,/media/i9a2/WindowsData/Wsh/Brain_LLM_Project/4_Results_fmriprep25_test/llama/65B/base/layer23/base_subj7_corrlh.npy
65B,8,23,"(10242,)",0.15955635228204723,0.17442976360895418,0.05340009043602757,-0.20561930688618163,0.2390185430726254,0,0,0.0,0.9627025971489943,/media/i9a2/WindowsData/Wsh/Brain_LLM_Project/4_Results_fmriprep25_test/llama/65B/base/layer23/base_subj8_corrlh.npy
65B,4,24,"(10242,)",0.11648636408600267,0.12728329365819202,0.033739136729097355,-0.17131870745671002,0.1791675439443629,0,0,0.0,0.974614333138059,/media/i9a2/WindowsData/Wsh/Brain_LLM_Project/4_Results_fmriprep25_test/llama/65B/base/layer24/base_subj4_corrlh.npy
65B,5,24,"(10242,)",0.030657900550904806,0.035446053627396404,0.02280268851264793,-0.16018635247868113,0.20744090952085692,0,0,0.0,0.9237453622339387,/media/i9a2/WindowsData/Wsh/Brain_LLM_Project/4_Results_fmriprep25_test/llama/65B/base/layer24/base_subj5_corrlh.npy
65B,6,24,"(10242,)",0.04372885397646391,0.04835008014647836,0.021006866050177916,-0.1437230118139853,0.13619024465565932,0,0,0.0,0.9552821714508885,/media/i9a2/WindowsData/Wsh/Brain_LLM_Project/4_Results_fmriprep25_test/llama/65B/base/layer24/base_subj6_corrlh.npy
65B,7,24,"(10242,)",0.04720194205547846,0.04970573025798884,0.02014198433044586,-0.13755553801529108,0.17830836146108991,0,0,0.0,0.9681702792423355,/media/i9a2/WindowsData/Wsh/Brain_LLM_Project/4_Results_fmriprep25_test/llama/65B/base/layer24/base_subj7_corrlh.npy
65B,8,24,"(10242,)",0.13969856744994044,0.15406094407522491,0.05179293829337333,-0.1978662798977709,0.24355177148421414,0,0,0.0,0.9578207381370826,/media/i9a2/WindowsData/Wsh/Brain_LLM_Project/4_Results_fmriprep25_test/llama/65B/base/layer24/base_subj8_corrlh.npy
65B,4,25,"(10242,)",0.07020116830265154,0.07533149296457817,0.020830217660547955,-0.15704813711733318,0.14674006562714187,0,0,0.0,0.9760788908416325,/media/i9a2/WindowsData/Wsh/Brain_LLM_Project/4_Results_fmriprep25_test/llama/65B/base/layer25/base_subj4_corrlh.npy
65B,5,25,"(10242,)",0.0461192253138247,0.04857483672183773,0.029254541189852004,-0.19018397108631618,0.21422808269196178,0,0,0.0,0.9408318687756297,/media/i9a2/WindowsData/Wsh/Brain_LLM_Project/4_Results_fmriprep25_test/llama/65B/base/layer25/base_subj5_corrlh.npy
65B,6,25,"(10242,)",-0.0175196207826137,-0.019061574950610394,0.009422747917546832,-0.09234155974374195,0.07074841006607013,0,0,0.0,0.04745166959578207,/media/i9a2/WindowsData/Wsh/Brain_LLM_Project/4_Results_fmriprep25_test/llama/65B/base/layer25/base_subj6_corrlh.npy
65B,7,25,"(10242,)",-0.007468680299869714,-0.008717650288962545,0.013075404566388163,-0.09311202407800084,0.0941222552292687,0,0,0.0,0.11687170474516696,/media/i9a2/WindowsData/Wsh/Brain_LLM_Project/4_Results_fmriprep25_test/llama/65B/base/layer25/base_subj7_corrlh.npy
65B,8,25,"(10242,)",0.08665386085269072,0.09696190098076454,0.03881390775325104,-0.1573394721576577,0.17035081287053666,0,0,0.0,0.953427065026362,/media/i9a2/WindowsData/Wsh/Brain_LLM_Project/4_Results_fmriprep25_test/llama/65B/base/layer25/base_subj8_corrlh.npy
65B,4,26,"(10242,)",0.09385543108388823,0.10362451209453347,0.03129467108139059,-0.14991983450458524,0.14974907349487904,0,0,0.0,0.9653388010154267,/media/i9a2/WindowsData/Wsh/Brain_LLM_Project/4_Results_fmriprep25_test/llama/65B/base/layer26/base_subj4_corrlh.npy
65B,5,26,"(10242,)",0.041379399995961075,0.041787188427064,0.04458251318168694,-0.29146423624186635,0.22881115597170226,0,0,0.0,0.8879125170865065,/media/i9a2/WindowsData/Wsh/Brain_LLM_Project/4_Results_fmriprep25_test/llama/65B/base/layer26/base_subj5_corrlh.npy
65B,6,26,"(10242,)",-0.01687081185962106,-0.01827607803771284,0.009939019478468585,-0.11785359545228175,0.07471758802016484,0,0,0.0,0.04754930677602031,/media/i9a2/WindowsData/Wsh/Brain_LLM_Project/4_Results_fmriprep25_test/llama/65B/base/layer26/base_subj6_corrlh.npy
65B,7,26,"(10242,)",-0.06108587574053033,-0.06388103487284111,0.016206364968213267,-0.11844887704694264,0.143365609772689,0,0,0.0,0.018941612966217537,/media/i9a2/WindowsData/Wsh/Brain_LLM_Project/4_Results_fmriprep25_test/llama/65B/base/layer26/base_subj7_corrlh.npy
65B,8,26,"(10242,)",0.16294690517075489,0.17648570902529473,0.050692332047762634,-0.1843295502241719,0.2360327613082731,0,0,0.0,0.9689513766842414,/media/i9a2/WindowsData/Wsh/Brain_LLM_Project/4_Results_fmriprep25_test/llama/65B/base/layer26/base_subj8_corrlh.npy
65B,4,28,"(10242,)",0.06960103541448302,0.07466174607988167,0.021671683765099883,-0.14221569088134153,0.21674222866799814,0,0,0.0,0.9743214215973443,/media/i9a2/WindowsData/Wsh/Brain_LLM_Project/4_Results_fmriprep25_test/llama/65B/base/layer28/base_subj4_corrlh.npy
65B,5,28,"(10242,)",0.041742798257695814,0.04575258367051319,0.020601075372278975,-0.13279376677870686,0.11424574392530815,0,0,0.0,0.9473735598515914,/media/i9a2/WindowsData/Wsh/Brain_LLM_Project/4_Results_fmriprep25_test/llama/65B/base/layer28/base_subj5_corrlh.npy
65B,6,28,"(10242,)",-0.011542932033332046,-0.013712928418878237,0.014427169455229203,-0.09776995387179786,0.1143021065745724,0,0,0.0,0.08328451474321422,/media/i9a2/WindowsData/Wsh/Brain_LLM_Project/4_Results_fmriprep25_test/llama/65B/base/layer28/base_subj6_corrlh.npy
65B,7,28,"(10242,)",0.0712405191529665,0.07519906239408194,0.018137877660399253,-0.1122328790198851,0.15140883413059225,0,0,0.0,0.9806678383128296,/media/i9a2/WindowsData/Wsh/Brain_LLM_Project/4_Results_fmriprep25_test/llama/65B/base/layer28/base_subj7_corrlh.npy
65B,8,28,"(10242,)",0.16761731444962114,0.1848408561080005,0.06244254657643249,-0.22048460007249293,0.24293384156045886,0,0,0.0,0.9565514547939855,/media/i9a2/WindowsData/Wsh/Brain_LLM_Project/4_Results_fmriprep25_test/llama/65B/base/layer28/base_subj8_corrlh.npy
65B,4,29,"(10242,)",0.08924686578473448,0.094456586730128,0.02407371547759755,-0.15346416577772842,0.16720305923081138,0,0,0.0,0.9791056434290177,/media/i9a2/WindowsData/Wsh/Brain_LLM_Project/4_Results_fmriprep25_test/llama/65B/base/layer29/base_subj4_corrlh.npy
65B,5,29,"(10242,)",0.01945837924542361,0.02283356773183023,0.016812289916499107,-0.10672597967842554,0.16301761330158754,0,0,0.0,0.905584846709627,/media/i9a2/WindowsData/Wsh/Brain_LLM_Project/4_Results_fmriprep25_test/llama/65B/base/layer29/base_subj5_corrlh.npy
65B,6,29,"(10242,)",-0.02464767792713865,-0.025783220157783095,0.012078565662638152,-0.16720976494062215,0.060667137723020376,0,0,0.0,0.035344659246240966,/media/i9a2/WindowsData/Wsh/Brain_LLM_Project/4_Results_fmriprep25_test/llama/65B/base/layer29/base_subj6_corrlh.npy
65B,7,29,"(10242,)",0.015367453741027519,0.015382444425780958,0.014491141987499305,-0.11148373592371652,0.14323075869409427,0,0,0.0,0.9335090802577621,/media/i9a2/WindowsData/Wsh/Brain_LLM_Project/4_Results_fmriprep25_test/llama/65B/base/layer29/base_subj7_corrlh.npy
65B,8,29,"(10242,)",0.12574292761252945,0.1378323670551761,0.04423124279682275,-0.16694961748543424,0.1735146161549947,0,0,0.0,0.9597734817418473,/media/i9a2/WindowsData/Wsh/Brain_LLM_Project/4_Results_fmriprep25_test/llama/65B/base/layer29/base_subj8_corrlh.npy
65B,4,3,"(10242,)",0.09359940477370092,0.09895246324094681,0.026536699161856765,-0.18392880432862913,0.19710802595469679,0,0,0.0,0.9769576254637766,/media/i9a2/WindowsData/Wsh/Brain_LLM_Project/4_Results_fmriprep25_test/llama/65B/base/layer3/base_subj4_corrlh.npy
65B,5,3,"(10242,)",0.12208733396519744,0.13273408034224876,0.049322604285983944,-0.24745700621020278,0.23132181137806768,0,0,0.0,0.956746729154462,/media/i9a2/WindowsData/Wsh/Brain_LLM_Project/4_Results_fmriprep25_test/llama/65B/base/layer3/base_subj5_corrlh.npy
65B,6,3,"(10242,)",0.037289066199215834,0.04250516324844086,0.025028928980075523,-0.20202436268177187,0.1566664128746864,0,0,0.0,0.9404413200546768,/media/i9a2/WindowsData/Wsh/Brain_LLM_Project/4_Results_fmriprep25_test/llama/65B/base/layer3/base_subj6_corrlh.npy
65B,7,3,"(10242,)",0.01065325259461686,0.011888351471904875,0.01347185849830567,-0.13686840179469206,0.13947835289781677,0,0,0.0,0.9338019917984769,/media/i9a2/WindowsData/Wsh/Brain_LLM_Project/4_Results_fmriprep25_test/llama/65B/base/layer3/base_subj7_corrlh.npy
65B,8,3,"(10242,)",0.1321756966774901,0.14590183143300536,0.05034181377020494,-0.17799949884691021,0.19851582729522063,0,0,0.0,0.9583089240382737,/media/i9a2/WindowsData/Wsh/Brain_LLM_Project/4_Results_fmriprep25_test/llama/65B/base/layer3/base_subj8_corrlh.npy
65B,4,30,"(10242,)",0.12776480721300734,0.13880862261498042,0.03768363384355328,-0.23025904214126092,0.19261863902636026,0,0,0.0,0.9738332356961531,/media/i9a2/WindowsData/Wsh/Brain_LLM_Project/4_Results_fmriprep25_test/llama/65B/base/layer30/base_subj4_corrlh.npy
65B,5,30,"(10242,)",0.025491107524397313,0.02986871229962368,0.019879391185757336,-0.1149342625446575,0.15690802052040673,0,0,0.0,0.9173989455184535,/media/i9a2/WindowsData/Wsh/Brain_LLM_Project/4_Results_fmriprep25_test/llama/65B/base/layer30/base_subj5_corrlh.npy
65B,6,30,"(10242,)",0.01804055706479319,0.019521563743043594,0.010450157679666545,-0.11039122717395328,0.08112680704728789,0,0,0.0,0.9550868970904121,/media/i9a2/WindowsData/Wsh/Brain_LLM_Project/4_Results_fmriprep25_test/llama/65B/base/layer30/base_subj6_corrlh.npy
65B,7,30,"(10242,)",0.08033179013187705,0.08324183897023321,0.016013948918051617,-0.09220907129018602,0.13110500136625303,0,0,0.0,0.989162272993556,/media/i9a2/WindowsData/Wsh/Brain_LLM_Project/4_Results_fmriprep25_test/llama/65B/base/layer30/base_subj7_corrlh.npy
65B,8,30,"(10242,)",0.19935543107922557,0.22051049794296054,0.07644482790767737,-0.25145323454771773,0.281021510813258,0,0,0.0,0.956746729154462,/media/i9a2/WindowsData/Wsh/Brain_LLM_Project/4_Results_fmriprep25_test/llama/65B/base/layer30/base_subj8_corrlh.npy
65B,4,31,"(10242,)",0.03469525811269561,0.0379656597078882,0.016714344588719725,-0.11528630071707835,0.12331195514928328,0,0,0.0,0.9573325522358914,/media/i9a2/WindowsData/Wsh/Brain_LLM_Project/4_Results_fmriprep25_test/llama/65B/base/layer31/base_subj4_corrlh.npy
65B,5,31,"(10242,)",0.09040088592979,0.10378519062174431,0.03980876969887211,-0.17023412006534103,0.15200787852988598,0,0,0.0,0.9437609841827768,/media/i9a2/WindowsData/Wsh/Brain_LLM_Project/4_Results_fmriprep25_test/llama/65B/base/layer31/base_subj5_corrlh.npy
65B,6,31,"(10242,)",0.036202187589489974,0.038895097043800536,0.013080133032600664,-0.09607012339052538,0.12098229276995848,0,0,0.0,0.9671939074399531,/media/i9a2/WindowsData/Wsh/Brain_LLM_Project/4_Results_fmriprep25_test/llama/65B/base/layer31/base_subj6_corrlh.npy
65B,7,31,"(10242,)",0.08093278512729604,0.08567944881932085,0.01864738487854514,-0.09478910000606913,0.11217508092402212,0,0,0.0,0.9831087678187854,/media/i9a2/WindowsData/Wsh/Brain_LLM_Project/4_Results_fmriprep25_test/llama/65B/base/layer31/base_subj7_corrlh.npy
65B,8,31,"(10242,)",0.17122826922976622,0.18828426131739984,0.061338161283801394,-0.21468723264492923,0.25067942627877643,0,0,0.0,0.9588947471197031,/media/i9a2/WindowsData/Wsh/Brain_LLM_Project/4_Results_fmriprep25_test/llama/65B/base/layer31/base_subj8_corrlh.npy
65B,4,32,"(10242,)",0.10439937471757907,0.11149116974492784,0.0317919413306416,-0.15833040353144012,0.20540865138244546,0,0,0.0,0.9756883421206796,/media/i9a2/WindowsData/Wsh/Brain_LLM_Project/4_Results_fmriprep25_test/llama/65B/base/layer32/base_subj4_corrlh.npy
65B,5,32,"(10242,)",-0.023834372830381746,-0.027015998826806373,0.018214898210755677,-0.15332636593861385,0.1269129380358758,0,0,0.0,0.07449716852177309,/media/i9a2/WindowsData/Wsh/Brain_LLM_Project/4_Results_fmriprep25_test/llama/65B/base/layer32/base_subj5_corrlh.npy
65B,6,32,"(10242,)",0.014181473997783075,0.015026665867691899,0.007334726855856437,-0.07075652526111187,0.07605512957224922,0,0,0.0,0.958797109939465,/media/i9a2/WindowsData/Wsh/Brain_LLM_Project/4_Results_fmriprep25_test/llama/65B/base/layer32/base_subj6_corrlh.npy
65B,7,32,"(10242,)",0.0791964475809548,0.08227497392570543,0.023201600499954327,-0.1484397258600876,0.19181847592778134,0,0,0.0,0.9813512985744972,/media/i9a2/WindowsData/Wsh/Brain_LLM_Project/4_Results_fmriprep25_test/llama/65B/base/layer32/base_subj7_corrlh.npy
65B,8,32,"(10242,)",0.14985138747516624,0.16364813598660716,0.05168936665288465,-0.18019078448554585,0.240140710740068,0,0,0.0,0.9623120484280414,/media/i9a2/WindowsData/Wsh/Brain_LLM_Project/4_Results_fmriprep25_test/llama/65B/base/layer32/base_subj8_corrlh.npy
65B,4,33,"(10242,)",0.07672853449606032,0.08330455956527745,0.023774251733529806,-0.14483293736802685,0.1465500318011411,0,0,0.0,0.9740285100566296,/media/i9a2/WindowsData/Wsh/Brain_LLM_Project/4_Results_fmriprep25_test/llama/65B/base/layer33/base_subj4_corrlh.npy
65B,5,33,"(10242,)",0.05561874584269555,0.056965751780650886,0.036407219917138,-0.15757452541937106,0.18440817109174606,0,0,0.0,0.935071275141574,/media/i9a2/WindowsData/Wsh/Brain_LLM_Project/4_Results_fmriprep25_test/llama/65B/base/layer33/base_subj5_corrlh.npy
65B,6,33,"(10242,)",0.0459932340656582,0.05052077866448746,0.021143025311556932,-0.14885731965709348,0.15283495246432804,0,0,0.0,0.9571372778754149,/media/i9a2/WindowsData/Wsh/Brain_LLM_Project/4_Results_fmriprep25_test/llama/65B/base/layer33/base_subj6_corrlh.npy
65B,7,33,"(10242,)",0.0439154737192027,0.04627226807452084,0.01307572609499454,-0.08199767811578454,0.12162185576179793,0,0,0.0,0.9791056434290177,/media/i9a2/WindowsData/Wsh/Brain_LLM_Project/4_Results_fmriprep25_test/llama/65B/base/layer33/base_subj7_corrlh.npy
65B,8,33,"(10242,)",0.19769723743028317,0.21687246707683838,0.06840372321775573,-0.21925310609605825,0.26108537353877936,0,0,0.0,0.9606522163639915,/media/i9a2/WindowsData/Wsh/Brain_LLM_Project/4_Results_fmriprep25_test/llama/65B/base/layer33/base_subj8_corrlh.npy
65B,4,34,"(10242,)",0.11605894752233396,0.12659912608625856,0.032944731988966226,-0.21430481187142708,0.1622982860124988,0,0,0.0,0.9751025190392502,/media/i9a2/WindowsData/Wsh/Brain_LLM_Project/4_Results_fmriprep25_test/llama/65B/base/layer34/base_subj4_corrlh.npy
65B,5,34,"(10242,)",0.053232477672180596,0.06385609020000504,0.03270714374213165,-0.16141760196263882,0.1388213811128601,0,0,0.0,0.9212067955477445,/media/i9a2/WindowsData/Wsh/Brain_LLM_Project/4_Results_fmriprep25_test/llama/65B/base/layer34/base_subj5_corrlh.npy
65B,6,34,"(10242,)",-0.02840972989446138,-0.029959344509184367,0.009684362318013106,-0.07305212274385606,0.07927472844425233,0,0,0.0,0.027631322007420425,/media/i9a2/WindowsData/Wsh/Brain_LLM_Project/4_Results_fmriprep25_test/llama/65B/base/layer34/base_subj6_corrlh.npy
65B,7,34,"(10242,)",0.053836148306757,0.05536509450319512,0.017470074739012298,-0.09501974100422787,0.14790771394836005,0,0,0.0,0.9810583870337825,/media/i9a2/WindowsData/Wsh/Brain_LLM_Project/4_Results_fmriprep25_test/llama/65B/base/layer34/base_subj7_corrlh.npy
65B,8,34,"(10242,)",0.17112015465741012,0.18887356232246377,0.06266299051253799,-0.21681441586731687,0.27665806140821064,0,0,0.0,0.9566490919742238,/media/i9a2/WindowsData/Wsh/Brain_LLM_Project/4_Results_fmriprep25_test/llama/65B/base/layer34/base_subj8_corrlh.npy
65B,4,35,"(10242,)",0.06225164751784611,0.0652051550469861,0.018147098622357305,-0.12120247670058362,0.152318299356422,0,0,0.0,0.9823276703768795,/media/i9a2/WindowsData/Wsh/Brain_LLM_Project/4_Results_fmriprep25_test/llama/65B/base/layer35/base_subj4_corrlh.npy
65B,5,35,"(10242,)",0.05095510877288021,0.0562749004612684,0.028117788705634066,-0.16582101027514443,0.17695671310997452,0,0,0.0,0.9399531341534857,/media/i9a2/WindowsData/Wsh/Brain_LLM_Project/4_Results_fmriprep25_test/llama/65B/base/layer35/base_subj5_corrlh.npy
65B,6,35,"(10242,)",-0.008049782100666857,-0.007961728052859978,0.007716214888198015,-0.10919114199605708,0.05194699009056984,0,0,0.0,0.06844366334700254,/media/i9a2/WindowsData/Wsh/Brain_LLM_Project/4_Results_fmriprep25_test/llama/65B/base/layer35/base_subj6_corrlh.npy
65B,7,35,"(10242,)",-0.004592295901148599,-0.002119734403844716,0.013271172906505821,-0.09673924179790808,0.09941169141197403,0,0,0.0,0.3777582503417301,/media/i9a2/WindowsData/Wsh/Brain_LLM_Project/4_Results_fmriprep25_test/llama/65B/base/layer35/base_subj7_corrlh.npy
65B,8,35,"(10242,)",0.1943889543175184,0.2158786837474292,0.07362824589292169,-0.2500150481201943,0.28613025533211794,0,0,0.0,0.9577231009568443,/media/i9a2/WindowsData/Wsh/Brain_LLM_Project/4_Results_fmriprep25_test/llama/65B/base/layer35/base_subj8_corrlh.npy
65B,4,36,"(10242,)",0.07045558204938643,0.07683501631359987,0.023922414720853335,-0.17983877904615175,0.14938558543700686,0,0,0.0,0.9668033587190002,/media/i9a2/WindowsData/Wsh/Brain_LLM_Project/4_Results_fmriprep25_test/llama/65B/base/layer36/base_subj4_corrlh.npy
65B,5,36,"(10242,)",0.05998566650829009,0.06329390383346645,0.029918902783165748,-0.2119568486134665,0.20362132156814583,0,0,0.0,0.9518648701425503,/media/i9a2/WindowsData/Wsh/Brain_LLM_Project/4_Results_fmriprep25_test/llama/65B/base/layer36/base_subj5_corrlh.npy
65B,6,36,"(10242,)",0.004564969267747827,0.005415800425648014,0.008174703885638741,-0.0779728276339712,0.08163504677824508,0,0,0.0,0.8882054286272213,/media/i9a2/WindowsData/Wsh/Brain_LLM_Project/4_Results_fmriprep25_test/llama/65B/base/layer36/base_subj6_corrlh.npy
65B,7,36,"(10242,)",0.01063332135695321,0.011375197440671315,0.012363204092637345,-0.12172137416605183,0.12271268709216229,0,0,0.0,0.9174965826986916,/media/i9a2/WindowsData/Wsh/Brain_LLM_Project/4_Results_fmriprep25_test/llama/65B/base/layer36/base_subj7_corrlh.npy
65B,8,36,"(10242,)",0.1749185077775721,0.18970888692346025,0.055202496904512066,-0.21929813418945412,0.23659805754947702,0,0,0.0,0.9658269869166178,/media/i9a2/WindowsData/Wsh/Brain_LLM_Project/4_Results_fmriprep25_test/llama/65B/base/layer36/base_subj8_corrlh.npy
65B,4,37,"(10242,)",0.08426820772163035,0.0911837024566217,0.024364858906780657,-0.14366999988806795,0.14927718475168,0,0,0.0,0.9741261472368677,/media/i9a2/WindowsData/Wsh/Brain_LLM_Project/4_Results_fmriprep25_test/llama/65B/base/layer37/base_subj4_corrlh.npy
65B,5,37,"(10242,)",0.05141235658622281,0.06103922728219034,0.03222604069648578,-0.15396909742291276,0.17037290105088002,0,0,0.0,0.925112282757274,/media/i9a2/WindowsData/Wsh/Brain_LLM_Project/4_Results_fmriprep25_test/llama/65B/base/layer37/base_subj5_corrlh.npy
65B,6,37,"(10242,)",-0.03586791687613912,-0.03849021278546842,0.011071449324640352,-0.06689004186848028,0.08991265837705092,0,0,0.0,0.026557313024799845,/media/i9a2/WindowsData/Wsh/Brain_LLM_Project/4_Results_fmriprep25_test/llama/65B/base/layer37/base_subj6_corrlh.npy
65B,7,37,"(10242,)",0.018356369088101954,0.018661004287351464,0.012113603332453518,-0.11439083121911282,0.15655143026418342,0,0,0.0,0.9510837727006444,/media/i9a2/WindowsData/Wsh/Brain_LLM_Project/4_Results_fmriprep25_test/llama/65B/base/layer37/base_subj7_corrlh.npy
65B,8,37,"(10242,)",0.17573508938389937,0.1958117386574727,0.07234341801554924,-0.25319112044973446,0.2741198548520427,0,0,0.0,0.9552821714508885,/media/i9a2/WindowsData/Wsh/Brain_LLM_Project/4_Results_fmriprep25_test/llama/65B/base/layer37/base_subj8_corrlh.npy
65B,4,38,"(10242,)",0.1261261565106297,0.14049641085372955,0.043745231408317146,-0.22329992206466265,0.21965428675875168,0,0,0.0,0.9652411638351884,/media/i9a2/WindowsData/Wsh/Brain_LLM_Project/4_Results_fmriprep25_test/llama/65B/base/layer38/base_subj4_corrlh.npy
65B,5,38,"(10242,)",0.09488788155618495,0.10639272425157618,0.0407758290724261,-0.16984178577618586,0.17550468214976236,0,0,0.0,0.9478617457527827,/media/i9a2/WindowsData/Wsh/Brain_LLM_Project/4_Results_fmriprep25_test/llama/65B/base/layer38/base_subj5_corrlh.npy
65B,6,38,"(10242,)",-0.006646572416684117,-0.008017473889812438,0.011322478264799317,-0.08094001205556009,0.09941404016585985,0,0,0.0,0.12067955477445812,/media/i9a2/WindowsData/Wsh/Brain_LLM_Project/4_Results_fmriprep25_test/llama/65B/base/layer38/base_subj6_corrlh.npy
65B,7,38,"(10242,)",0.010197304083554114,0.009928150738709115,0.009635522064329032,-0.06492529402971962,0.09163736376510517,0,0,0.0,0.9333138058972856,/media/i9a2/WindowsData/Wsh/Brain_LLM_Project/4_Results_fmriprep25_test/llama/65B/base/layer38/base_subj7_corrlh.npy
65B,8,38,"(10242,)",0.12647063189597746,0.13979339008500746,0.046926108455971484,-0.17465847346635205,0.21103957590727435,0,0,0.0,0.9576254637766062,/media/i9a2/WindowsData/Wsh/Brain_LLM_Project/4_Results_fmriprep25_test/llama/65B/base/layer38/base_subj8_corrlh.npy
65B,4,39,"(10242,)",0.0635309864978875,0.06871953107489662,0.020366927097156297,-0.09940453683066608,0.11712500653792232,0,0,0.0,0.9732474126147237,/media/i9a2/WindowsData/Wsh/Brain_LLM_Project/4_Results_fmriprep25_test/llama/65B/base/layer39/base_subj4_corrlh.npy
65B,5,39,"(10242,)",0.0964416403448258,0.10754763675655057,0.04617310189016611,-0.2922885602959138,0.23139213026985445,0,0,0.0,0.9472759226713533,/media/i9a2/WindowsData/Wsh/Brain_LLM_Project/4_Results_fmriprep25_test/llama/65B/base/layer39/base_subj5_corrlh.npy
65B,6,39,"(10242,)",0.06722616381582962,0.07334715202800718,0.028818308432204114,-0.18870267414453318,0.21793482341424908,0,0,0.0,0.958406561218512,/media/i9a2/WindowsData/Wsh/Brain_LLM_Project/4_Results_fmriprep25_test/llama/65B/base/layer39/base_subj6_corrlh.npy
65B,7,39,"(10242,)",0.08822762053648933,0.09367582620729968,0.023764942235357123,-0.1597989505420009,0.1635715832921081,0,0,0.0,0.9802772895918765,/media/i9a2/WindowsData/Wsh/Brain_LLM_Project/4_Results_fmriprep25_test/llama/65B/base/layer39/base_subj7_corrlh.npy
65B,8,39,"(10242,)",0.11851838039543723,0.1305513540243961,0.045849728067876794,-0.19182331413665782,0.2305403985781601,0,0,0.0,0.9571372778754149,/media/i9a2/WindowsData/Wsh/Brain_LLM_Project/4_Results_fmriprep25_test/llama/65B/base/layer39/base_subj8_corrlh.npy
65B,4,4,"(10242,)",0.03574321261569295,0.03671655888817167,0.01436975490799238,-0.11913660201226041,0.12975336481181454,0,0,0.0,0.9757859793009178,/media/i9a2/WindowsData/Wsh/Brain_LLM_Project/4_Results_fmriprep25_test/llama/65B/base/layer4/base_subj4_corrlh.npy
65B,5,4,"(10242,)",0.15459396355280536,0.17367257158899563,0.062436627329130974,-0.26079077171407794,0.25133179399193906,0,0,0.0,0.9500097637180238,/media/i9a2/WindowsData/Wsh/Brain_LLM_Project/4_Results_fmriprep25_test/llama/65B/base/layer4/base_subj5_corrlh.npy
65B,6,4,"(10242,)",0.041447643176522365,0.04580688559078534,0.023645206688074547,-0.14977811692278095,0.13600694217607007,0,0,0.0,0.9486428431946885,/media/i9a2/WindowsData/Wsh/Brain_LLM_Project/4_Results_fmriprep25_test/llama/65B/base/layer4/base_subj6_corrlh.npy
65B,7,4,"(10242,)",0.06243958208856248,0.06642645289695842,0.01862117848232017,-0.12094956206942549,0.14372287141139328,0,0,0.0,0.9754930677602031,/media/i9a2/WindowsData/Wsh/Brain_LLM_Project/4_Results_fmriprep25_test/llama/65B/base/layer4/base_subj7_corrlh.npy
65B,8,4,"(10242,)",0.19327283069852438,0.21262524594366752,0.07061249278519124,-0.22405736771915052,0.2512580202790885,0,0,0.0,0.9577231009568443,/media/i9a2/WindowsData/Wsh/Brain_LLM_Project/4_Results_fmriprep25_test/llama/65B/base/layer4/base_subj8_corrlh.npy
65B,4,40,"(10242,)",-0.011439104928430335,-0.012981024152301728,0.013697800193849691,-0.11163274715839072,0.13304242523301313,0,0,0.0,0.09900410076157,/media/i9a2/WindowsData/Wsh/Brain_LLM_Project/4_Results_fmriprep25_test/llama/65B/base/layer40/base_subj4_corrlh.npy
65B,5,40,"(10242,)",0.009667635709282403,0.011013678760225173,0.01255071576446769,-0.10774739087584018,0.08804855367983548,0,0,0.0,0.8980667838312829,/media/i9a2/WindowsData/Wsh/Brain_LLM_Project/4_Results_fmriprep25_test/llama/65B/base/layer40/base_subj5_corrlh.npy
65B,6,40,"(10242,)",0.022002183897258654,0.023681768942279212,0.009271342110884644,-0.10615477976502602,0.0770802015526965,0,0,0.0,0.9653388010154267,/media/i9a2/WindowsData/Wsh/Brain_LLM_Project/4_Results_fmriprep25_test/llama/65B/base/layer40/base_subj6_corrlh.npy
65B,7,40,"(10242,)",-0.02009888936787417,-0.022805226908779015,0.014248252179590925,-0.09537601033019708,0.07773940125792847,0,0,0.0,0.061804335090802576,/media/i9a2/WindowsData/Wsh/Brain_LLM_Project/4_Results_fmriprep25_test/llama/65B/base/layer40/base_subj7_corrlh.npy
65B,8,40,"(10242,)",0.07850421096188279,0.08818949306087978,0.039242350777051925,-0.15834083818231215,0.18993974873008757,0,0,0.0,0.950888498340168,/media/i9a2/WindowsData/Wsh/Brain_LLM_Project/4_Results_fmriprep25_test/llama/65B/base/layer40/base_subj8_corrlh.npy
65B,4,41,"(10242,)",0.11012464374703762,0.11867587332724158,0.029650276185872435,-0.161234758091144,0.18482863828300966,0,0,0.0,0.9782269088068737,/media/i9a2/WindowsData/Wsh/Brain_LLM_Project/4_Results_fmriprep25_test/llama/65B/base/layer41/base_subj4_corrlh.npy
65B,5,41,"(10242,)",0.03561263676355733,0.038900889364588326,0.022008989982670958,-0.17312321117830737,0.1274689324344607,0,0,0.0,0.935950009763718,/media/i9a2/WindowsData/Wsh/Brain_LLM_Project/4_Results_fmriprep25_test/llama/65B/base/layer41/base_subj5_corrlh.npy
65B,6,41,"(10242,)",-0.004477011740326184,-0.004400883147250536,0.009558672775712393,-0.08453888544205906,0.0907165752781844,0,0,0.0,0.18404608474907244,/media/i9a2/WindowsData/Wsh/Brain_LLM_Project/4_Results_fmriprep25_test/llama/65B/base/layer41/base_subj6_corrlh.npy
65B,7,41,"(10242,)",0.034353080310289684,0.03692956469843767,0.015512602832736781,-0.09350075359310742,0.10380500937822386,0,0,0.0,0.9648506151142355,/media/i9a2/WindowsData/Wsh/Brain_LLM_Project/4_Results_fmriprep25_test/llama/65B/base/layer41/base_subj7_corrlh.npy
65B,8,41,"(10242,)",0.12268569250740642,0.1352441916729041,0.04656975869279203,-0.19329614405544931,0.19607767297093537,0,0,0.0,0.9569420035149385,/media/i9a2/WindowsData/Wsh/Brain_LLM_Project/4_Results_fmriprep25_test/llama/65B/base/layer41/base_subj8_corrlh.npy
65B,4,42,"(10242,)",0.09439869198588531,0.10214156842514735,0.027344587922573816,-0.1404357396866374,0.14847607669640134,0,0,0.0,0.9722710408123414,/media/i9a2/WindowsData/Wsh/Brain_LLM_Project/4_Results_fmriprep25_test/llama/65B/base/layer42/base_subj4_corrlh.npy
65B,5,42,"(10242,)",0.05703192121906957,0.06692346826138963,0.029339327872401684,-0.1283167590873075,0.13178121891777694,0,0,0.0,0.9329232571763327,/media/i9a2/WindowsData/Wsh/Brain_LLM_Project/4_Results_fmriprep25_test/llama/65B/base/layer42/base_subj5_corrlh.npy
65B,6,42,"(10242,)",0.04892852037602176,0.051010227827594914,0.016234652555855877,-0.08326612406918055,0.1856138008272017,0,0,0.0,0.9805702011325913,/media/i9a2/WindowsData/Wsh/Brain_LLM_Project/4_Results_fmriprep25_test/llama/65B/base/layer42/base_subj6_corrlh.npy
65B,7,42,"(10242,)",0.05947458478904507,0.0623506980275023,0.015094838300947811,-0.09087172785725943,0.11717770280705891,0,0,0.0,0.9811560242140207,/media/i9a2/WindowsData/Wsh/Brain_LLM_Project/4_Results_fmriprep25_test/llama/65B/base/layer42/base_subj7_corrlh.npy
65B,8,42,"(10242,)",0.16130964208128576,0.1767324667356326,0.057034797457628086,-0.20896018644756484,0.23854432528023525,0,0,0.0,0.959675844561609,/media/i9a2/WindowsData/Wsh/Brain_LLM_Project/4_Results_fmriprep25_test/llama/65B/base/layer42/base_subj8_corrlh.npy
65B,4,43,"(10242,)",0.0390290480953689,0.040835618529463165,0.017651558805590408,-0.15429115786526526,0.16294164906724673,0,0,0.0,0.9687561023237649,/media/i9a2/WindowsData/Wsh/Brain_LLM_Project/4_Results_fmriprep25_test/llama/65B/base/layer43/base_subj4_corrlh.npy
65B,5,43,"(10242,)",0.007002371402006036,0.0029899642143589407,0.03180577455967447,-0.23096736720799868,0.20195361564444014,0,0,0.0,0.5675649287248584,/media/i9a2/WindowsData/Wsh/Brain_LLM_Project/4_Results_fmriprep25_test/llama/65B/base/layer43/base_subj5_corrlh.npy
65B,6,43,"(10242,)",0.007481997819462713,0.007656291843010213,0.011076280619809293,-0.13343336016470428,0.15647197312175282,0,0,0.0,0.9133958211286858,/media/i9a2/WindowsData/Wsh/Brain_LLM_Project/4_Results_fmriprep25_test/llama/65B/base/layer43/base_subj6_corrlh.npy
65B,7,43,"(10242,)",-0.0523839734200936,-0.05508133112576387,0.01396236838829212,-0.10104276210533372,0.07322104954332212,0,0,0.0,0.018746338605741066,/media/i9a2/WindowsData/Wsh/Brain_LLM_Project/4_Results_fmriprep25_test/llama/65B/base/layer43/base_subj7_corrlh.npy
65B,8,43,"(10242,)",0.04987749285543425,0.05439491456716079,0.019502204624132907,-0.12902920652062755,0.16304383620904916,0,0,0.0,0.9610427650849444,/media/i9a2/WindowsData/Wsh/Brain_LLM_Project/4_Results_fmriprep25_test/llama/65B/base/layer43/base_subj8_corrlh.npy
65B,4,44,"(10242,)",0.0468011531002491,0.049729816163487234,0.014417573509576634,-0.11670017902320258,0.09562430242331765,0,0,0.0,0.976274165202109,/media/i9a2/WindowsData/Wsh/Brain_LLM_Project/4_Results_fmriprep25_test/llama/65B/base/layer44/base_subj4_corrlh.npy
65B,5,44,"(10242,)",0.060308885918957056,0.06534720461696453,0.03765585108474689,-0.2659548819697139,0.2530474371588821,0,0,0.0,0.9406365944151532,/media/i9a2/WindowsData/Wsh/Brain_LLM_Project/4_Results_fmriprep25_test/llama/65B/base/layer44/base_subj5_corrlh.npy
65B,6,44,"(10242,)",0.01870904108551486,0.02046745448476029,0.012924727595420278,-0.11611500809608756,0.13399576821226428,0,0,0.0,0.9452255418863503,/media/i9a2/WindowsData/Wsh/Brain_LLM_Project/4_Results_fmriprep25_test/llama/65B/base/layer44/base_subj6_corrlh.npy
65B,7,44,"(10242,)",0.054017881133909644,0.05793258583307173,0.017567388159153992,-0.13478034868040223,0.12146569944388741,0,0,0.0,0.974223784417106,/media/i9a2/WindowsData/Wsh/Brain_LLM_Project/4_Results_fmriprep25_test/llama/65B/base/layer44/base_subj7_corrlh.npy
65B,8,44,"(10242,)",0.15128306908221203,0.16584020703730218,0.053544705059854085,-0.20417599378191403,0.2674639747773735,0,0,0.0,0.9606522163639915,/media/i9a2/WindowsData/Wsh/Brain_LLM_Project/4_Results_fmriprep25_test/llama/65B/base/layer44/base_subj8_corrlh.npy
65B,4,45,"(10242,)",0.10541042179017299,0.11607831881234121,0.04346405413386404,-0.22676178742425304,0.24362442255830458,0,0,0.0,0.9595782073813708,/media/i9a2/WindowsData/Wsh/Brain_LLM_Project/4_Results_fmriprep25_test/llama/65B/base/layer45/base_subj4_corrlh.npy
65B,5,45,"(10242,)",0.08426574680051933,0.09502574153623285,0.04163818169078257,-0.2552699681950974,0.27674170954527616,0,0,0.0,0.9478617457527827,/media/i9a2/WindowsData/Wsh/Brain_LLM_Project/4_Results_fmriprep25_test/llama/65B/base/layer45/base_subj5_corrlh.npy
65B,6,45,"(10242,)",0.002235653805770748,0.0027095223772772236,0.009496521460057947,-0.07870773196877413,0.07289821286069927,0,0,0.0,0.7387229056824839,/media/i9a2/WindowsData/Wsh/Brain_LLM_Project/4_Results_fmriprep25_test/llama/65B/base/layer45/base_subj6_corrlh.npy
65B,7,45,"(10242,)",0.01954884582709358,0.021409128918416093,0.0124364559674615,-0.10428720758075405,0.1121955319803585,0,0,0.0,0.9526459675844562,/media/i9a2/WindowsData/Wsh/Brain_LLM_Project/4_Results_fmriprep25_test/llama/65B/base/layer45/base_subj7_corrlh.npy
65B,8,45,"(10242,)",0.08240318489787268,0.08927209268266946,0.028974094872546173,-0.1163959092494413,0.1939922301578798,0,0,0.0,0.9614333138058972,/media/i9a2/WindowsData/Wsh/Brain_LLM_Project/4_Results_fmriprep25_test/llama/65B/base/layer45/base_subj8_corrlh.npy
65B,4,47,"(10242,)",0.018557745524579224,0.020359666817487614,0.01681553879793965,-0.14530947349002415,0.12051881899842963,0,0,0.0,0.9165202108963093,/media/i9a2/WindowsData/Wsh/Brain_LLM_Project/4_Results_fmriprep25_test/llama/65B/base/layer47/base_subj4_corrlh.npy
65B,5,47,"(10242,)",0.04970562914538704,0.05441730830187243,0.03008956436523762,-0.16084973585023432,0.22045720875924069,0,0,0.0,0.9343878148799063,/media/i9a2/WindowsData/Wsh/Brain_LLM_Project/4_Results_fmriprep25_test/llama/65B/base/layer47/base_subj5_corrlh.npy
65B,6,47,"(10242,)",0.01714161916462183,0.01813752368006546,0.008301066101739482,-0.0779118036757552,0.07950421941491251,0,0,0.0,0.9650458894747119,/media/i9a2/WindowsData/Wsh/Brain_LLM_Project/4_Results_fmriprep25_test/llama/65B/base/layer47/base_subj6_corrlh.npy
65B,7,47,"(10242,)",0.07107123077930412,0.07458663420405287,0.0196272456578869,-0.11268376106709192,0.142073988375472,0,0,0.0,0.9838898652606912,/media/i9a2/WindowsData/Wsh/Brain_LLM_Project/4_Results_fmriprep25_test/llama/65B/base/layer47/base_subj7_corrlh.npy
65B,8,47,"(10242,)",0.06702694355940415,0.07513702575408815,0.030264408107193167,-0.14340687390786655,0.14124560349251147,0,0,0.0,0.9501074008982621,/media/i9a2/WindowsData/Wsh/Brain_LLM_Project/4_Results_fmriprep25_test/llama/65B/base/layer47/base_subj8_corrlh.npy
65B,4,48,"(10242,)",-0.011749558176205366,-0.009250187065219139,0.019420981332898966,-0.11526907937254768,0.16350319831843524,0,0,0.0,0.18551064245264598,/media/i9a2/WindowsData/Wsh/Brain_LLM_Project/4_Results_fmriprep25_test/llama/65B/base/layer48/base_subj4_corrlh.npy
65B,5,48,"(10242,)",0.036930895622467534,0.042431661600764184,0.023684649331714724,-0.16203586624735317,0.19527665645911574,0,0,0.0,0.9338019917984769,/media/i9a2/WindowsData/Wsh/Brain_LLM_Project/4_Results_fmriprep25_test/llama/65B/base/layer48/base_subj5_corrlh.npy
65B,6,48,"(10242,)",0.050187364260084855,0.05221709124461302,0.019921120923279058,-0.11925903456495696,0.1637529252212589,0,0,0.0,0.9748096074985354,/media/i9a2/WindowsData/Wsh/Brain_LLM_Project/4_Results_fmriprep25_test/llama/65B/base/layer48/base_subj6_corrlh.npy
65B,7,48,"(10242,)",-0.06578997460048504,-0.06983051641560074,0.01597423672385438,-0.11431556110783986,0.09580645893992848,0,0,0.0,0.02069908221050576,/media/i9a2/WindowsData/Wsh/Brain_LLM_Project/4_Results_fmriprep25_test/llama/65B/base/layer48/base_subj7_corrlh.npy
65B,8,48,"(10242,)",0.07725990385628112,0.0850984629442326,0.029289360515940534,-0.11382422189000105,0.14183517118501715,0,0,0.0,0.9576254637766062,/media/i9a2/WindowsData/Wsh/Brain_LLM_Project/4_Results_fmriprep25_test/llama/65B/base/layer48/base_subj8_corrlh.npy
65B,4,49,"(10242,)",0.0012027159018907691,0.0018477634841160533,0.013027121376184605,-0.13250526522351402,0.1307051700013157,0,0,0.0,0.6589533294278461,/media/i9a2/WindowsData/Wsh/Brain_LLM_Project/4_Results_fmriprep25_test/llama/65B/base/layer49/base_subj4_corrlh.npy
65B,5,49,"(10242,)",0.053582334845845986,0.06408073753423824,0.03665012204281937,-0.19137288285517762,0.19250178252704814,0,0,0.0,0.9124194493263035,/media/i9a2/WindowsData/Wsh/Brain_LLM_Project/4_Results_fmriprep25_test/llama/65B/base/layer49/base_subj5_corrlh.npy
65B,6,49,"(10242,)",0.10700658032073687,0.1138057812156299,0.02604044137138583,-0.14326359215948395,0.17249654920843038,0,0,0.0,0.9806678383128296,/media/i9a2/WindowsData/Wsh/Brain_LLM_Project/4_Results_fmriprep25_test/llama/65B/base/layer49/base_subj6_corrlh.npy
65B,7,49,"(10242,)",0.0555379195514715,0.05940578533667532,0.015249791267085356,-0.08855249563349894,0.11520453887237063,0,0,0.0,0.980472563952353,/media/i9a2/WindowsData/Wsh/Brain_LLM_Project/4_Results_fmriprep25_test/llama/65B/base/layer49/base_subj7_corrlh.npy
65B,8,49,"(10242,)",0.13206178925734502,0.14635280751988078,0.05196402007676158,-0.20624811512392544,0.2118352441619949,0,0,0.0,0.9558679945323179,/media/i9a2/WindowsData/Wsh/Brain_LLM_Project/4_Results_fmriprep25_test/llama/65B/base/layer49/base_subj8_corrlh.npy
65B,4,5,"(10242,)",0.0507702346980163,0.05466255062624199,0.017495326510302032,-0.1167812716558149,0.10868151575072552,0,0,0.0,0.9718804920913884,/media/i9a2/WindowsData/Wsh/Brain_LLM_Project/4_Results_fmriprep25_test/llama/65B/base/layer5/base_subj4_corrlh.npy
65B,5,5,"(10242,)",0.08307869344907651,0.09494727877423992,0.03740859193042609,-0.1905394150178155,0.18826231799699228,0,0,0.0,0.9448349931653974,/media/i9a2/WindowsData/Wsh/Brain_LLM_Project/4_Results_fmriprep25_test/llama/65B/base/layer5/base_subj5_corrlh.npy
65B,6,5,"(10242,)",0.05132233852878844,0.0559494529281892,0.019035644738698513,-0.11295209001876251,0.1266902249345473,0,0,0.0,0.9628978715094708,/media/i9a2/WindowsData/Wsh/Brain_LLM_Project/4_Results_fmriprep25_test/llama/65B/base/layer5/base_subj6_corrlh.npy
65B,7,5,"(10242,)",0.08272651231588239,0.08808567955627702,0.023327454049194615,-0.15885233650318917,0.17267176040408186,0,0,0.0,0.9773481741847295,/media/i9a2/WindowsData/Wsh/Brain_LLM_Project/4_Results_fmriprep25_test/llama/65B/base/layer5/base_subj7_corrlh.npy
65B,8,5,"(10242,)",0.13490735411279273,0.14754381400061858,0.046762818294269856,-0.171970396746497,0.19847686848672175,0,0,0.0,0.9597734817418473,/media/i9a2/WindowsData/Wsh/Brain_LLM_Project/4_Results_fmriprep25_test/llama/65B/base/layer5/base_subj8_corrlh.npy
65B,4,50,"(10242,)",0.018709749009454293,0.020601060669366143,0.01440794584431058,-0.09034631606537083,0.1392690807879995,0,0,0.0,0.9329232571763327,/media/i9a2/WindowsData/Wsh/Brain_LLM_Project/4_Results_fmriprep25_test/llama/65B/base/layer50/base_subj4_corrlh.npy
65B,5,50,"(10242,)",0.07763706369112255,0.08839008858837175,0.037582599887655284,-0.15770631500325694,0.20816146015508827,0,0,0.0,0.9418082405780122,/media/i9a2/WindowsData/Wsh/Brain_LLM_Project/4_Results_fmriprep25_test/llama/65B/base/layer50/base_subj5_corrlh.npy
65B,6,50,"(10242,)",-0.03365946597359874,-0.035788529852585904,0.00986386583681828,-0.07701416155488008,0.0443329754683536,0,0,0.0,0.02440929505955868,/media/i9a2/WindowsData/Wsh/Brain_LLM_Project/4_Results_fmriprep25_test/llama/65B/base/layer50/base_subj6_corrlh.npy
65B,7,50,"(10242,)",0.005008058398404158,0.004654415816326807,0.0069213970575393875,-0.06294418595102849,0.07218153719784282,0,0,0.0,0.9015817223198594,/media/i9a2/WindowsData/Wsh/Brain_LLM_Project/4_Results_fmriprep25_test/llama/65B/base/layer50/base_subj7_corrlh.npy
65B,8,50,"(10242,)",0.11665380480260436,0.128223372397108,0.043403481928372616,-0.17199535755999068,0.1982870314853364,0,0,0.0,0.9563561804335091,/media/i9a2/WindowsData/Wsh/Brain_LLM_Project/4_Results_fmriprep25_test/llama/65B/base/layer50/base_subj8_corrlh.npy
65B,4,51,"(10242,)",0.03999005581287216,0.043350717383253586,0.016809383777851482,-0.0941195396503171,0.15106765506745926,0,0,0.0,0.9641671548525679,/media/i9a2/WindowsData/Wsh/Brain_LLM_Project/4_Results_fmriprep25_test/llama/65B/base/layer51/base_subj4_corrlh.npy
65B,5,51,"(10242,)",0.010875335643096772,0.009360059604574459,0.020012940340396346,-0.1323266854749112,0.15279022206136011,0,0,0.0,0.832747510251904,/media/i9a2/WindowsData/Wsh/Brain_LLM_Project/4_Results_fmriprep25_test/llama/65B/base/layer51/base_subj5_corrlh.npy
65B,6,51,"(10242,)",-0.03807154781677698,-0.041347413103178056,0.017913391097211528,-0.11976045511877793,0.16340038048967565,0,0,0.0,0.03788322593243507,/media/i9a2/WindowsData/Wsh/Brain_LLM_Project/4_Results_fmriprep25_test/llama/65B/base/layer51/base_subj6_corrlh.npy
65B,7,51,"(10242,)",0.01632832748494192,0.014849783349890563,0.02085386073042695,-0.1512023183240887,0.14727493183300805,0,0,0.0,0.8978715094708065,/media/i9a2/WindowsData/Wsh/Brain_LLM_Project/4_Results_fmriprep25_test/llama/65B/base/layer51/base_subj7_corrlh.npy
65B,8,51,"(10242,)",0.07650741311109228,0.08488774687873586,0.03074744782141265,-0.14181367626982055,0.1519287747872358,0,0,0.0,0.954696348369459,/media/i9a2/WindowsData/Wsh/Brain_LLM_Project/4_Results_fmriprep25_test/llama/65B/base/layer51/base_subj8_corrlh.npy
65B,4,52,"(10242,)",0.06386241322260831,0.06780712988069368,0.018462185456703,-0.11864798655410395,0.14596419609311329,0,0,0.0,0.981253661394259,/media/i9a2/WindowsData/Wsh/Brain_LLM_Project/4_Results_fmriprep25_test/llama/65B/base/layer52/base_subj4_corrlh.npy
65B,5,52,"(10242,)",0.07196976751581807,0.08289866670033917,0.04050964263652976,-0.18719183465747707,0.18939616714067076,0,0,0.0,0.9314586994727593,/media/i9a2/WindowsData/Wsh/Brain_LLM_Project/4_Results_fmriprep25_test/llama/65B/base/layer52/base_subj5_corrlh.npy
65B,6,52,"(10242,)",-0.0351996631727244,-0.037571936951189634,0.012116525935289307,-0.12258399533586721,0.12755114663573303,0,0,0.0,0.02440929505955868,/media/i9a2/WindowsData/Wsh/Brain_LLM_Project/4_Results_fmriprep25_test/llama/65B/base/layer52/base_subj6_corrlh.npy
65B,7,52,"(10242,)",-0.02149891630408616,-0.021654885077010924,0.011785487965143959,-0.11568141235534794,0.06906152168419906,0,0,0.0,0.03466119898457332,/media/i9a2/WindowsData/Wsh/Brain_LLM_Project/4_Results_fmriprep25_test/llama/65B/base/layer52/base_subj7_corrlh.npy
65B,8,52,"(10242,)",0.03590035470863816,0.038960045781230315,0.016740066200554852,-0.11100658544362349,0.14349067526468634,0,0,0.0,0.9551845342706503,/media/i9a2/WindowsData/Wsh/Brain_LLM_Project/4_Results_fmriprep25_test/llama/65B/base/layer52/base_subj8_corrlh.npy
65B,4,53,"(10242,)",-0.03505069522950154,-0.03681099763028973,0.01519748114757234,-0.12041720849362948,0.1491739592646365,0,0,0.0,0.031146260495996874,/media/i9a2/WindowsData/Wsh/Brain_LLM_Project/4_Results_fmriprep25_test/llama/65B/base/layer53/base_subj4_corrlh.npy
65B,5,53,"(10242,)",-0.027849703076462264,-0.03764214154621851,0.04277161844334138,-0.30729120519276965,0.24291883166013178,0,0,0.0,0.15602421402069908,/media/i9a2/WindowsData/Wsh/Brain_LLM_Project/4_Results_fmriprep25_test/llama/65B/base/layer53/base_subj5_corrlh.npy
65B,6,53,"(10242,)",-0.020890038176345726,-0.0221633818374294,0.01198593274556459,-0.09823259695591459,0.11041574847780553,0,0,0.0,0.043155633665299745,/media/i9a2/WindowsData/Wsh/Brain_LLM_Project/4_Results_fmriprep25_test/llama/65B/base/layer53/base_subj6_corrlh.npy
65B,7,53,"(10242,)",0.035128965262746274,0.038233655242818944,0.015397327984767489,-0.14390677931119986,0.12394422353467174,0,0,0.0,0.9655340753759032,/media/i9a2/WindowsData/Wsh/Brain_LLM_Project/4_Results_fmriprep25_test/llama/65B/base/layer53/base_subj7_corrlh.npy
65B,8,53,"(10242,)",0.0536489431271284,0.06110386506791443,0.02720410549512619,-0.11323445759319928,0.13161927807269264,0,0,0.0,0.9408318687756297,/media/i9a2/WindowsData/Wsh/Brain_LLM_Project/4_Results_fmriprep25_test/llama/65B/base/layer53/base_subj8_corrlh.npy
65B,4,54,"(10242,)",0.00589598974521624,0.007357106242369384,0.01480338600172585,-0.17636018436666145,0.1425887187761557,0,0,0.0,0.8263034563561804,/media/i9a2/WindowsData/Wsh/Brain_LLM_Project/4_Results_fmriprep25_test/llama/65B/base/layer54/base_subj4_corrlh.npy
65B,5,54,"(10242,)",0.03226444820342473,0.038257639210728944,0.05298050443361139,-0.27959972667201505,0.2755151526859161,0,0,0.0,0.8151728178090216,/media/i9a2/WindowsData/Wsh/Brain_LLM_Project/4_Results_fmriprep25_test/llama/65B/base/layer54/base_subj5_corrlh.npy
65B,6,54,"(10242,)",0.01008330496468217,0.01167176497141582,0.01531854556134305,-0.1446059495301221,0.15048459873550643,0,0,0.0,0.900605350517477,/media/i9a2/WindowsData/Wsh/Brain_LLM_Project/4_Results_fmriprep25_test/llama/65B/base/layer54/base_subj6_corrlh.npy
65B,7,54,"(10242,)",0.005316986839619404,0.0042106405694115785,0.015507329920587728,-0.1038802225964084,0.13394285788049137,0,0,0.0,0.7502440929505956,/media/i9a2/WindowsData/Wsh/Brain_LLM_Project/4_Results_fmriprep25_test/llama/65B/base/layer54/base_subj7_corrlh.npy
65B,8,54,"(10242,)",0.06077978679682262,0.06598055383746912,0.01952969755326529,-0.09646956791200524,0.10547161953627325,0,0,0.0,0.9682679164225737,/media/i9a2/WindowsData/Wsh/Brain_LLM_Project/4_Results_fmriprep25_test/llama/65B/base/layer54/base_subj8_corrlh.npy
65B,4,55,"(10242,)",-0.021535540399731504,-0.02116603737999418,0.015427670450645655,-0.11985397210717229,0.115635174403443,0,0,0.0,0.0610232376488967,/media/i9a2/WindowsData/Wsh/Brain_LLM_Project/4_Results_fmriprep25_test/llama/65B/base/layer55/base_subj4_corrlh.npy
65B,5,55,"(10242,)",0.05508627763910692,0.06115625650193854,0.028309286077085504,-0.1958423541129708,0.2451810427130341,0,0,0.0,0.9482522944737356,/media/i9a2/WindowsData/Wsh/Brain_LLM_Project/4_Results_fmriprep25_test/llama/65B/base/layer55/base_subj5_corrlh.npy
65B,6,55,"(10242,)",-0.0032380155783703385,-0.004299672092267348,0.007370250044999037,-0.052251511177971374,0.05743749336429378,0,0,0.0,0.18609646553407538,/media/i9a2/WindowsData/Wsh/Brain_LLM_Project/4_Results_fmriprep25_test/llama/65B/base/layer55/base_subj6_corrlh.npy
65B,7,55,"(10242,)",0.039230891835036114,0.04195733088098265,0.014572417741387093,-0.13468898832919923,0.1236434384117111,0,0,0.0,0.9693419254051943,/media/i9a2/WindowsData/Wsh/Brain_LLM_Project/4_Results_fmriprep25_test/llama/65B/base/layer55/base_subj7_corrlh.npy
65B,8,55,"(10242,)",0.09604415572885791,0.10417851913861827,0.03380336141879956,-0.14241664598088238,0.17050575276223356,0,0,0.0,0.9571372778754149,/media/i9a2/WindowsData/Wsh/Brain_LLM_Project/4_Results_fmriprep25_test/llama/65B/base/layer55/base_subj8_corrlh.npy
65B,4,56,"(10242,)",0.02928949637201742,0.03162444638652173,0.011855926995541582,-0.08905723517494787,0.12829079894303733,0,0,0.0,0.9656317125561413,/media/i9a2/WindowsData/Wsh/Brain_LLM_Project/4_Results_fmriprep25_test/llama/65B/base/layer56/base_subj4_corrlh.npy
65B,5,56,"(10242,)",0.02824131736704614,0.0327235942589245,0.01750425177379323,-0.12713628525409992,0.10539231933144745,0,0,0.0,0.9325327084553798,/media/i9a2/WindowsData/Wsh/Brain_LLM_Project/4_Results_fmriprep25_test/llama/65B/base/layer56/base_subj5_corrlh.npy
65B,6,56,"(10242,)",-0.016290742134209696,-0.017933351392859648,0.009956485321289597,-0.10719206786040289,0.08554123089977535,0,0,0.0,0.049502050380785,/media/i9a2/WindowsData/Wsh/Brain_LLM_Project/4_Results_fmriprep25_test/llama/65B/base/layer56/base_subj6_corrlh.npy
65B,7,56,"(10242,)",0.07903839789128415,0.08327686153002381,0.018089160875721644,-0.092588051782359,0.14506293246311422,0,0,0.0,0.9864284319468853,/media/i9a2/WindowsData/Wsh/Brain_LLM_Project/4_Results_fmriprep25_test/llama/65B/base/layer56/base_subj7_corrlh.npy
65B,8,56,"(10242,)",0.05952634887868642,0.06757499120367834,0.034435355320054276,-0.16738286543835623,0.1616003594063641,0,0,0.0,0.9423940636594416,/media/i9a2/WindowsData/Wsh/Brain_LLM_Project/4_Results_fmriprep25_test/llama/65B/base/layer56/base_subj8_corrlh.npy
65B,4,57,"(10242,)",-0.019050373320711043,-0.02131432928710042,0.011240311315378924,-0.1029574634937585,0.10963531300134097,0,0,0.0,0.05077133372388205,/media/i9a2/WindowsData/Wsh/Brain_LLM_Project/4_Results_fmriprep25_test/llama/65B/base/layer57/base_subj4_corrlh.npy
65B,5,57,"(10242,)",0.0022080124225050844,-0.0005674430625742209,0.020436195567080002,-0.21528140004510082,0.15589035196509488,0,0,0.0,0.47783636008592073,/media/i9a2/WindowsData/Wsh/Brain_LLM_Project/4_Results_fmriprep25_test/llama/65B/base/layer57/base_subj5_corrlh.npy
65B,6,57,"(10242,)",-0.00941538953165745,-0.009572097053888153,0.008178630449014504,-0.06944482859408962,0.07671500313134161,0,0,0.0,0.06990822105057606,/media/i9a2/WindowsData/Wsh/Brain_LLM_Project/4_Results_fmriprep25_test/llama/65B/base/layer57/base_subj6_corrlh.npy
65B,7,57,"(10242,)",0.029044381127443588,0.03163789235329363,0.01667158382001742,-0.09951262780867637,0.12617360634148028,0,0,0.0,0.9518648701425503,/media/i9a2/WindowsData/Wsh/Brain_LLM_Project/4_Results_fmriprep25_test/llama/65B/base/layer57/base_subj7_corrlh.npy
65B,8,57,"(10242,)",0.07522564138872465,0.08550550352135403,0.03848249086097616,-0.18125486560517937,0.1852796424170302,0,0,0.0,0.9426869752001562,/media/i9a2/WindowsData/Wsh/Brain_LLM_Project/4_Results_fmriprep25_test/llama/65B/base/layer57/base_subj8_corrlh.npy
65B,4,58,"(10242,)",0.05063864531482197,0.055187706726518904,0.019687070519595423,-0.12990865349733416,0.11832869683086403,0,0,0.0,0.9656317125561413,/media/i9a2/WindowsData/Wsh/Brain_LLM_Project/4_Results_fmriprep25_test/llama/65B/base/layer58/base_subj4_corrlh.npy
65B,5,58,"(10242,)",0.05670705923150442,0.06159178446811922,0.03232393418267015,-0.1661819785706487,0.19447570904709433,0,0,0.0,0.9399531341534857,/media/i9a2/WindowsData/Wsh/Brain_LLM_Project/4_Results_fmriprep25_test/llama/65B/base/layer58/base_subj5_corrlh.npy
65B,6,58,"(10242,)",0.01719141895078046,0.017810875472165175,0.007634014930402656,-0.07479280445279676,0.09244149542040636,0,0,0.0,0.9715875805506737,/media/i9a2/WindowsData/Wsh/Brain_LLM_Project/4_Results_fmriprep25_test/llama/65B/base/layer58/base_subj6_corrlh.npy
65B,7,58,"(10242,)",0.05185041411015971,0.05518677782964357,0.013857740003306218,-0.10161111196935804,0.08588675182393617,0,0,0.0,0.9802772895918765,/media/i9a2/WindowsData/Wsh/Brain_LLM_Project/4_Results_fmriprep25_test/llama/65B/base/layer58/base_subj7_corrlh.npy
65B,8,58,"(10242,)",0.1711550138740295,0.18827620486558588,0.062527355675814,-0.21260162623614695,0.24283898951213773,0,0,0.0,0.9594805702011326,/media/i9a2/WindowsData/Wsh/Brain_LLM_Project/4_Results_fmriprep25_test/llama/65B/base/layer58/base_subj8_corrlh.npy
65B,4,59,"(10242,)",-0.016884374998223917,-0.01618884398880078,0.02044872999990095,-0.1406520381122808,0.17001024040249282,0,0,0.0,0.1099394649482523,/media/i9a2/WindowsData/Wsh/Brain_LLM_Project/4_Results_fmriprep25_test/llama/65B/base/layer59/base_subj4_corrlh.npy
65B,5,59,"(10242,)",0.03862828494369453,0.04313925526883912,0.022931543407962426,-0.1821680838899163,0.14299809731378454,0,0,0.0,0.9374145674672916,/media/i9a2/WindowsData/Wsh/Brain_LLM_Project/4_Results_fmriprep25_test/llama/65B/base/layer59/base_subj5_corrlh.npy
65B,6,59,"(10242,)",-0.020026063041359156,-0.021797153049065984,0.014997365731133845,-0.1343986976439396,0.1226817722292047,0,0,0.0,0.054676820933411446,/media/i9a2/WindowsData/Wsh/Brain_LLM_Project/4_Results_fmriprep25_test/llama/65B/base/layer59/base_subj6_corrlh.npy
65B,7,59,"(10242,)",0.051323271949293835,0.053913363154352516,0.01340442365199281,-0.0824054206115916,0.11272560744954871,0,0,0.0,0.9811560242140207,/media/i9a2/WindowsData/Wsh/Brain_LLM_Project/4_Results_fmriprep25_test/llama/65B/base/layer59/base_subj7_corrlh.npy
65B,8,59,"(10242,)",0.08777142831291096,0.09590391298024337,0.03253645049667797,-0.14356676148617237,0.16674858229655537,0,0,0.0,0.960066393282562,/media/i9a2/WindowsData/Wsh/Brain_LLM_Project/4_Results_fmriprep25_test/llama/65B/base/layer59/base_subj8_corrlh.npy
65B,4,6,"(10242,)",0.074036855347831,0.08005601787701755,0.020461232054490196,-0.09994439575703695,0.12888777283311764,0,0,0.0,0.9784221831673501,/media/i9a2/WindowsData/Wsh/Brain_LLM_Project/4_Results_fmriprep25_test/llama/65B/base/layer6/base_subj4_corrlh.npy
65B,5,6,"(10242,)",0.0803966004048937,0.09093621618619589,0.03529701198664027,-0.1904694060602676,0.16466159882989645,0,0,0.0,0.9457137277875415,/media/i9a2/WindowsData/Wsh/Brain_LLM_Project/4_Results_fmriprep25_test/llama/65B/base/layer6/base_subj5_corrlh.npy
65B,6,6,"(10242,)",0.057055447527957846,0.06180192697088157,0.019351250282293207,-0.09207658131628958,0.13157891151759532,0,0,0.0,0.9662175356375707,/media/i9a2/WindowsData/Wsh/Brain_LLM_Project/4_Results_fmriprep25_test/llama/65B/base/layer6/base_subj6_corrlh.npy
65B,7,6,"(10242,)",0.0025200537039821954,0.002160116825451157,0.008733598835647727,-0.07092023419967268,0.08216347820140063,0,0,0.0,0.7461433313805897,/media/i9a2/WindowsData/Wsh/Brain_LLM_Project/4_Results_fmriprep25_test/llama/65B/base/layer6/base_subj7_corrlh.npy
65B,8,6,"(10242,)",0.1346675426697258,0.14777661740477335,0.04551618100648374,-0.17702293892104626,0.1894330725259559,0,0,0.0,0.9618238625268503,/media/i9a2/WindowsData/Wsh/Brain_LLM_Project/4_Results_fmriprep25_test/llama/65B/base/layer6/base_subj8_corrlh.npy
65B,4,60,"(10242,)",0.053575976178041336,0.05721720796443498,0.018385508946106004,-0.14932923104067097,0.1633886939891992,0,0,0.0,0.9737355985159148,/media/i9a2/WindowsData/Wsh/Brain_LLM_Project/4_Results_fmriprep25_test/llama/65B/base/layer60/base_subj4_corrlh.npy
65B,5,60,"(10242,)",0.0604461996894402,0.06781549860275851,0.03469172366656751,-0.24300572078274849,0.17165016178145637,0,0,0.0,0.9414176918570591,/media/i9a2/WindowsData/Wsh/Brain_LLM_Project/4_Results_fmriprep25_test/llama/65B/base/layer60/base_subj5_corrlh.npy
65B,6,60,"(10242,)",-0.009560479166953696,-0.010609817432039242,0.00756541589482371,-0.09592757284035754,0.10414375175295182,0,0,0.0,0.05897285686389377,/media/i9a2/WindowsData/Wsh/Brain_LLM_Project/4_Results_fmriprep25_test/llama/65B/base/layer60/base_subj6_corrlh.npy
65B,7,60,"(10242,)",0.12167629314151313,0.13052078978879736,0.031462773625064396,-0.13298564870434348,0.17977023993442204,0,0,0.0,0.9778363600859207,/media/i9a2/WindowsData/Wsh/Brain_LLM_Project/4_Results_fmriprep25_test/llama/65B/base/layer60/base_subj7_corrlh.npy
65B,8,60,"(10242,)",0.162849092661974,0.17920337234317163,0.057379209409191986,-0.21151000468785147,0.24709138108772272,0,0,0.0,0.9598711189220855,/media/i9a2/WindowsData/Wsh/Brain_LLM_Project/4_Results_fmriprep25_test/llama/65B/base/layer60/base_subj8_corrlh.npy
65B,4,61,"(10242,)",0.03060968614392984,0.03576721994596014,0.01869140238425977,-0.12594977004249644,0.14527170434910044,0,0,0.0,0.9286272212458504,/media/i9a2/WindowsData/Wsh/Brain_LLM_Project/4_Results_fmriprep25_test/llama/65B/base/layer61/base_subj4_corrlh.npy
65B,5,61,"(10242,)",0.058820710890519524,0.06740312412829486,0.03447015479983183,-0.23089762214264237,0.21571199446872402,0,0,0.0,0.9384885764499121,/media/i9a2/WindowsData/Wsh/Brain_LLM_Project/4_Results_fmriprep25_test/llama/65B/base/layer61/base_subj5_corrlh.npy
65B,6,61,"(10242,)",-0.013615002779504714,-0.01591024641173123,0.01318383504938525,-0.10046604901584288,0.10095234412953058,0,0,0.0,0.08162468267916423,/media/i9a2/WindowsData/Wsh/Brain_LLM_Project/4_Results_fmriprep25_test/llama/65B/base/layer61/base_subj6_corrlh.npy
65B,7,61,"(10242,)",0.0036327247879677825,0.003274607397227035,0.007177853203734852,-0.0703570247136661,0.10830195802435369,0,0,0.0,0.8609646553407537,/media/i9a2/WindowsData/Wsh/Brain_LLM_Project/4_Results_fmriprep25_test/llama/65B/base/layer61/base_subj7_corrlh.npy
65B,8,61,"(10242,)",0.11490538226072146,0.1277830408399765,0.04377455166633641,-0.1507346036489313,0.18161054895614914,0,0,0.0,0.9556727201718415,/media/i9a2/WindowsData/Wsh/Brain_LLM_Project/4_Results_fmriprep25_test/llama/65B/base/layer61/base_subj8_corrlh.npy
65B,4,62,"(10242,)",0.06808932944075959,0.07328688418695692,0.020413972011899,-0.12206274943779243,0.12343217328704606,0,0,0.0,0.9727592267135325,/media/i9a2/WindowsData/Wsh/Brain_LLM_Project/4_Results_fmriprep25_test/llama/65B/base/layer62/base_subj4_corrlh.npy
65B,5,62,"(10242,)",0.058693641350183914,0.06539501690039459,0.03644078833008242,-0.30126140948783614,0.2721272605360642,0,0,0.0,0.9360476469439563,/media/i9a2/WindowsData/Wsh/Brain_LLM_Project/4_Results_fmriprep25_test/llama/65B/base/layer62/base_subj5_corrlh.npy
65B,6,62,"(10242,)",0.021128301297907638,0.02291220514026919,0.010434988665768785,-0.07568948709982606,0.07892239628330716,0,0,0.0,0.9575278265963679,/media/i9a2/WindowsData/Wsh/Brain_LLM_Project/4_Results_fmriprep25_test/llama/65B/base/layer62/base_subj6_corrlh.npy
65B,7,62,"(10242,)",0.020244804687599496,0.02236890557303424,0.021249760858284256,-0.14259344994978904,0.12939489336232884,0,0,0.0,0.9212067955477445,/media/i9a2/WindowsData/Wsh/Brain_LLM_Project/4_Results_fmriprep25_test/llama/65B/base/layer62/base_subj7_corrlh.npy
65B,8,62,"(10242,)",0.20929627532797482,0.23271770714709739,0.0809165318798851,-0.2516838185789473,0.2910850898178361,0,0,0.0,0.9545010740089827,/media/i9a2/WindowsData/Wsh/Brain_LLM_Project/4_Results_fmriprep25_test/llama/65B/base/layer62/base_subj8_corrlh.npy
65B,4,63,"(10242,)",0.04277862770911908,0.044721938531501845,0.016993014497965014,-0.1522181343637075,0.1452174156001653,0,0,0.0,0.9715875805506737,/media/i9a2/WindowsData/Wsh/Brain_LLM_Project/4_Results_fmriprep25_test/llama/65B/base/layer63/base_subj4_corrlh.npy
65B,5,63,"(10242,)",0.0971471412209659,0.11004354920305176,0.040093806252592235,-0.16499437891806948,0.1986613993110807,0,0,0.0,0.952157781683265,/media/i9a2/WindowsData/Wsh/Brain_LLM_Project/4_Results_fmriprep25_test/llama/65B/base/layer63/base_subj5_corrlh.npy
65B,6,63,"(10242,)",-0.014801214253365572,-0.0158624487503172,0.00868304722051332,-0.09295599104894475,0.10749203214400609,0,0,0.0,0.0418863503222027,/media/i9a2/WindowsData/Wsh/Brain_LLM_Project/4_Results_fmriprep25_test/llama/65B/base/layer63/base_subj6_corrlh.npy
65B,7,63,"(10242,)",0.030568591168085038,0.032334212025730474,0.009804645104138678,-0.10003660803505254,0.08485788427746309,0,0,0.0,0.9757859793009178,/media/i9a2/WindowsData/Wsh/Brain_LLM_Project/4_Results_fmriprep25_test/llama/65B/base/layer63/base_subj7_corrlh.npy
65B,8,63,"(10242,)",0.10355452616948371,0.1133346988897716,0.03702727956420625,-0.15958050941071977,0.17403188467456704,0,0,0.0,0.9589923842999414,/media/i9a2/WindowsData/Wsh/Brain_LLM_Project/4_Results_fmriprep25_test/llama/65B/base/layer63/base_subj8_corrlh.npy
65B,4,64,"(10242,)",0.059774826200303985,0.06346340438292487,0.027196808194420736,-0.15236139490828282,0.19009449994769723,0,0,0.0,0.9589923842999414,/media/i9a2/WindowsData/Wsh/Brain_LLM_Project/4_Results_fmriprep25_test/llama/65B/base/layer64/base_subj4_corrlh.npy
65B,5,64,"(10242,)",0.05944245924088266,0.06686354283197199,0.04096171978373029,-0.2694063499818822,0.2596727289123594,0,0,0.0,0.9255028314782269,/media/i9a2/WindowsData/Wsh/Brain_LLM_Project/4_Results_fmriprep25_test/llama/65B/base/layer64/base_subj5_corrlh.npy
65B,6,64,"(10242,)",0.027438306004501502,0.02936151852891455,0.010865615239252141,-0.10727725238328112,0.08769082303574105,0,0,0.0,0.9691466510447179,/media/i9a2/WindowsData/Wsh/Brain_LLM_Project/4_Results_fmriprep25_test/llama/65B/base/layer64/base_subj6_corrlh.npy
65B,7,64,"(10242,)",0.09303173650970839,0.09612197449959423,0.023229147371713513,-0.18032149781682613,0.1971954220340876,0,0,0.0,0.9850615114235501,/media/i9a2/WindowsData/Wsh/Brain_LLM_Project/4_Results_fmriprep25_test/llama/65B/base/layer64/base_subj7_corrlh.npy
65B,8,64,"(10242,)",0.15271357270581992,0.1635731200175175,0.04659960108905339,-0.21402262266722996,0.2586744503655507,0,0,0.0,0.9692442882249561,/media/i9a2/WindowsData/Wsh/Brain_LLM_Project/4_Results_fmriprep25_test/llama/65B/base/layer64/base_subj8_corrlh.npy
65B,4,65,"(10242,)",0.13084596728821052,0.13951120790672994,0.03195606847274421,-0.15166661738706513,0.19898063695498017,0,0,0.0,0.9797891036906854,/media/i9a2/WindowsData/Wsh/Brain_LLM_Project/4_Results_fmriprep25_test/llama/65B/base/layer65/base_subj4_corrlh.npy
65B,5,65,"(10242,)",0.0461106795962819,0.0507640067775305,0.02243963142910765,-0.15743066846048342,0.14054624895224613,0,0,0.0,0.9484475688342121,/media/i9a2/WindowsData/Wsh/Brain_LLM_Project/4_Results_fmriprep25_test/llama/65B/base/layer65/base_subj5_corrlh.npy
65B,6,65,"(10242,)",0.04944965363778117,0.05268487254065034,0.015962964239203428,-0.19528641735702235,0.14261979001813407,0,0,0.0,0.9756883421206796,/media/i9a2/WindowsData/Wsh/Brain_LLM_Project/4_Results_fmriprep25_test/llama/65B/base/layer65/base_subj6_corrlh.npy
65B,7,65,"(10242,)",0.08930297221691821,0.09442539672463483,0.02097407663499021,-0.09299113510653256,0.1259678191003752,0,0,0.0,0.9817418472954501,/media/i9a2/WindowsData/Wsh/Brain_LLM_Project/4_Results_fmriprep25_test/llama/65B/base/layer65/base_subj7_corrlh.npy
65B,8,65,"(10242,)",0.11673947668920372,0.12721648219804677,0.03859244753758055,-0.13686811396044474,0.18315749531550538,0,0,0.0,0.9627025971489943,/media/i9a2/WindowsData/Wsh/Brain_LLM_Project/4_Results_fmriprep25_test/llama/65B/base/layer65/base_subj8_corrlh.npy
65B,4,66,"(10242,)",0.07775885608183379,0.08084711869195597,0.03369284560279289,-0.22585406570634853,0.19944462886112227,0,0,0.0,0.9650458894747119,/media/i9a2/WindowsData/Wsh/Brain_LLM_Project/4_Results_fmriprep25_test/llama/65B/base/layer66/base_subj4_corrlh.npy
65B,5,66,"(10242,)",0.03960165764374459,0.04071374417669796,0.023115491718848004,-0.14785921466084437,0.13502128933224272,0,0,0.0,0.9493263034563562,/media/i9a2/WindowsData/Wsh/Brain_LLM_Project/4_Results_fmriprep25_test/llama/65B/base/layer66/base_subj5_corrlh.npy
65B,6,66,"(10242,)",-0.027922853921048846,-0.029814096366505147,0.010553325166452769,-0.09544557068479814,0.11891944643566552,0,0,0.0,0.029681702792423353,/media/i9a2/WindowsData/Wsh/Brain_LLM_Project/4_Results_fmriprep25_test/llama/65B/base/layer66/base_subj6_corrlh.npy
65B,7,66,"(10242,)",0.03219493564051727,0.03291069534581417,0.010200202357080577,-0.09534248297908911,0.11800219559708391,0,0,0.0,0.9823276703768795,/media/i9a2/WindowsData/Wsh/Brain_LLM_Project/4_Results_fmriprep25_test/llama/65B/base/layer66/base_subj7_corrlh.npy
65B,8,66,"(10242,)",0.13533678316006073,0.14961662251816213,0.050496907541411125,-0.1928291685189331,0.20583452362348723,0,0,0.0,0.9574301894161297,/media/i9a2/WindowsData/Wsh/Brain_LLM_Project/4_Results_fmriprep25_test/llama/65B/base/layer66/base_subj8_corrlh.npy
65B,4,67,"(10242,)",0.023228799347218314,0.024301250581540423,0.013387855246309692,-0.07995398606092412,0.09365009154851187,0,0,0.0,0.9493263034563562,/media/i9a2/WindowsData/Wsh/Brain_LLM_Project/4_Results_fmriprep25_test/llama/65B/base/layer67/base_subj4_corrlh.npy
65B,5,67,"(10242,)",0.0603120726296038,0.0679514194704337,0.041323236297338244,-0.2622080463566484,0.2540878731044107,0,0,0.0,0.9203280609256005,/media/i9a2/WindowsData/Wsh/Brain_LLM_Project/4_Results_fmriprep25_test/llama/65B/base/layer67/base_subj5_corrlh.npy
65B,6,67,"(10242,)",-0.016382713820304172,-0.01718800225309687,0.010254133762699598,-0.13203689368635316,0.10332939338485701,0,0,0.0,0.046182386252685025,/media/i9a2/WindowsData/Wsh/Brain_LLM_Project/4_Results_fmriprep25_test/llama/65B/base/layer67/base_subj6_corrlh.npy
65B,7,67,"(10242,)",0.08636117196665151,0.09288396026131907,0.02289387633269175,-0.1009270859769866,0.13011917941262766,0,0,0.0,0.9767623511033001,/media/i9a2/WindowsData/Wsh/Brain_LLM_Project/4_Results_fmriprep25_test/llama/65B/base/layer67/base_subj7_corrlh.npy
65B,8,67,"(10242,)",0.12403201457968666,0.13791633245399665,0.04500878934920652,-0.18124202389107558,0.19164430222458353,0,0,0.0,0.9573325522358914,/media/i9a2/WindowsData/Wsh/Brain_LLM_Project/4_Results_fmriprep25_test/llama/65B/base/layer67/base_subj8_corrlh.npy
65B,4,68,"(10242,)",0.09899613326050426,0.10459360124553965,0.03182906944168283,-0.21939689137608376,0.192202821736303,0,0,0.0,0.9751025190392502,/media/i9a2/WindowsData/Wsh/Brain_LLM_Project/4_Results_fmriprep25_test/llama/65B/base/layer68/base_subj4_corrlh.npy
65B,5,68,"(10242,)",0.05356127815063976,0.062348784362521815,0.027673417973386207,-0.13204554662654425,0.14895197954532802,0,0,0.0,0.935071275141574,/media/i9a2/WindowsData/Wsh/Brain_LLM_Project/4_Results_fmriprep25_test/llama/65B/base/layer68/base_subj5_corrlh.npy
65B,6,68,"(10242,)",-0.019186020602871893,-0.019900814265414388,0.007329135437934332,-0.06785754031744343,0.0566522112446521,0,0,0.0,0.024116383518843976,/media/i9a2/WindowsData/Wsh/Brain_LLM_Project/4_Results_fmriprep25_test/llama/65B/base/layer68/base_subj6_corrlh.npy
65B,7,68,"(10242,)",0.04429088928247206,0.04739305755179708,0.014586053061830216,-0.11536290707891757,0.14757488781468905,0,0,0.0,0.9721734036321031,/media/i9a2/WindowsData/Wsh/Brain_LLM_Project/4_Results_fmriprep25_test/llama/65B/base/layer68/base_subj7_corrlh.npy
65B,8,68,"(10242,)",0.17987704105544028,0.19655190689213028,0.06341067656916585,-0.2464128189992942,0.2757935463295085,0,0,0.0,0.959675844561609,/media/i9a2/WindowsData/Wsh/Brain_LLM_Project/4_Results_fmriprep25_test/llama/65B/base/layer68/base_subj8_corrlh.npy
65B,4,69,"(10242,)",0.019807887110880763,0.017429933172460096,0.024175431847158913,-0.16162454103828539,0.16610407034778574,0,0,0.0,0.8814684631907831,/media/i9a2/WindowsData/Wsh/Brain_LLM_Project/4_Results_fmriprep25_test/llama/65B/base/layer69/base_subj4_corrlh.npy
65B,5,69,"(10242,)",0.07789117398181758,0.08844705381324564,0.034552820955713937,-0.15348606316119115,0.14933529347208088,0,0,0.0,0.9474711970318297,/media/i9a2/WindowsData/Wsh/Brain_LLM_Project/4_Results_fmriprep25_test/llama/65B/base/layer69/base_subj5_corrlh.npy
65B,6,69,"(10242,)",-0.0127649185269932,-0.013169282847171443,0.010219872147050349,-0.1309748615899963,0.10749831322665762,0,0,0.0,0.05184534270650264,/media/i9a2/WindowsData/Wsh/Brain_LLM_Project/4_Results_fmriprep25_test/llama/65B/base/layer69/base_subj6_corrlh.npy
65B,7,69,"(10242,)",0.07433454627962938,0.0783920278780029,0.020032434726891278,-0.10653664299634291,0.13286124141957759,0,0,0.0,0.976274165202109,/media/i9a2/WindowsData/Wsh/Brain_LLM_Project/4_Results_fmriprep25_test/llama/65B/base/layer69/base_subj7_corrlh.npy
65B,8,69,"(10242,)",0.16317558647647254,0.18056484476843335,0.06396423868253587,-0.28944852574170277,0.26226793706082585,0,0,0.0,0.9549892599101738,/media/i9a2/WindowsData/Wsh/Brain_LLM_Project/4_Results_fmriprep25_test/llama/65B/base/layer69/base_subj8_corrlh.npy
65B,4,7,"(10242,)",0.09110928377615721,0.09710975558775894,0.024833244165782392,-0.1271468903085764,0.14256025708474038,0,0,0.0,0.9797891036906854,/media/i9a2/WindowsData/Wsh/Brain_LLM_Project/4_Results_fmriprep25_test/llama/65B/base/layer7/base_subj4_corrlh.npy
65B,5,7,"(10242,)",0.042155692776585624,0.04967264871276992,0.023820363502896572,-0.20538084229683445,0.11648059986242316,0,0,0.0,0.9305799648506151,/media/i9a2/WindowsData/Wsh/Brain_LLM_Project/4_Results_fmriprep25_test/llama/65B/base/layer7/base_subj5_corrlh.npy
65B,6,7,"(10242,)",0.00964858737702735,0.010543749668237602,0.009046398311383812,-0.13773087431764408,0.0926104007933307,0,0,0.0,0.9434680726420621,/media/i9a2/WindowsData/Wsh/Brain_LLM_Project/4_Results_fmriprep25_test/llama/65B/base/layer7/base_subj6_corrlh.npy
65B,7,7,"(10242,)",0.06119726637590523,0.06522903377405365,0.01768790761494661,-0.0915027209224144,0.09903236511285121,0,0,0.0,0.9769576254637766,/media/i9a2/WindowsData/Wsh/Brain_LLM_Project/4_Results_fmriprep25_test/llama/65B/base/layer7/base_subj7_corrlh.npy
65B,8,7,"(10242,)",0.16616729739582334,0.18307730044261866,0.059892369971351486,-0.23791561757847285,0.2391387768027102,0,0,0.0,0.9594805702011326,/media/i9a2/WindowsData/Wsh/Brain_LLM_Project/4_Results_fmriprep25_test/llama/65B/base/layer7/base_subj8_corrlh.npy
65B,4,70,"(10242,)",0.07766977774140668,0.08190011580148271,0.025679095718807783,-0.16635928747737114,0.17252386791230462,0,0,0.0,0.974614333138059,/media/i9a2/WindowsData/Wsh/Brain_LLM_Project/4_Results_fmriprep25_test/llama/65B/base/layer70/base_subj4_corrlh.npy
65B,5,70,"(10242,)",-0.029188968367825092,-0.03591426588441406,0.024872030235168274,-0.1605592176791038,0.17326880351781404,0,0,0.0,0.09861355204061707,/media/i9a2/WindowsData/Wsh/Brain_LLM_Project/4_Results_fmriprep25_test/llama/65B/base/layer70/base_subj5_corrlh.npy
65B,6,70,"(10242,)",-0.0023243415943307623,-0.002250395256944286,0.007972830987537623,-0.11672558492794177,0.10881247925811946,0,0,0.0,0.19693419254051944,/media/i9a2/WindowsData/Wsh/Brain_LLM_Project/4_Results_fmriprep25_test/llama/65B/base/layer70/base_subj6_corrlh.npy
65B,7,70,"(10242,)",0.03708744044055899,0.03944789554487329,0.014681653215378206,-0.11622364030080354,0.09597937115498519,0,0,0.0,0.9695371997656708,/media/i9a2/WindowsData/Wsh/Brain_LLM_Project/4_Results_fmriprep25_test/llama/65B/base/layer70/base_subj7_corrlh.npy
65B,8,70,"(10242,)",0.12410264632057073,0.13572235153028678,0.04410246799804735,-0.20049645011146006,0.1997359524936224,0,0,0.0,0.9602616676430384,/media/i9a2/WindowsData/Wsh/Brain_LLM_Project/4_Results_fmriprep25_test/llama/65B/base/layer70/base_subj8_corrlh.npy
65B,4,71,"(10242,)",0.06639198466324046,0.07316289804744253,0.023770835418260035,-0.11147540081085275,0.12845867513209344,0,0,0.0,0.9643624292130444,/media/i9a2/WindowsData/Wsh/Brain_LLM_Project/4_Results_fmriprep25_test/llama/65B/base/layer71/base_subj4_corrlh.npy
65B,5,71,"(10242,)",0.034397838171505914,0.03827071544564466,0.019084497535681685,-0.1379781339747401,0.15021591887943309,0,0,0.0,0.9444444444444444,/media/i9a2/WindowsData/Wsh/Brain_LLM_Project/4_Results_fmriprep25_test/llama/65B/base/layer71/base_subj5_corrlh.npy
65B,6,71,"(10242,)",0.045123103113215456,0.04908702172489729,0.01796929694227108,-0.08758418040840908,0.11155996098760716,0,0,0.0,0.9609451279047061,/media/i9a2/WindowsData/Wsh/Brain_LLM_Project/4_Results_fmriprep25_test/llama/65B/base/layer71/base_subj6_corrlh.npy
65B,7,71,"(10242,)",0.07535618725732693,0.08137343628411864,0.028825968386872427,-0.14875708697476286,0.16812145658605304,0,0,0.0,0.9662175356375707,/media/i9a2/WindowsData/Wsh/Brain_LLM_Project/4_Results_fmriprep25_test/llama/65B/base/layer71/base_subj7_corrlh.npy
65B,8,71,"(10242,)",0.18674823784538,0.2096105292519118,0.07107224536083313,-0.23190792425416368,0.2825630556037452,0,0,0.0,0.9537199765670767,/media/i9a2/WindowsData/Wsh/Brain_LLM_Project/4_Results_fmriprep25_test/llama/65B/base/layer71/base_subj8_corrlh.npy
65B,4,72,"(10242,)",0.12119410014089939,0.12891092428057677,0.03414166830770881,-0.18371067119242515,0.23573706590479748,0,0,0.0,0.9774458113649678,/media/i9a2/WindowsData/Wsh/Brain_LLM_Project/4_Results_fmriprep25_test/llama/65B/base/layer72/base_subj4_corrlh.npy
65B,5,72,"(10242,)",0.13122748765708359,0.15157334804232953,0.057484796392106206,-0.20183169395968284,0.2057849923903305,0,0,0.0,0.9398554969732474,/media/i9a2/WindowsData/Wsh/Brain_LLM_Project/4_Results_fmriprep25_test/llama/65B/base/layer72/base_subj5_corrlh.npy
65B,6,72,"(10242,)",-0.0023961004142198693,-0.002731873363783128,0.006371684833102669,-0.07276553291426537,0.08347618624906641,0,0,0.0,0.14762741652021089,/media/i9a2/WindowsData/Wsh/Brain_LLM_Project/4_Results_fmriprep25_test/llama/65B/base/layer72/base_subj6_corrlh.npy
65B,7,72,"(10242,)",0.054915532691294684,0.05768110939920276,0.014101556344136916,-0.08803830615126054,0.1284040397836491,0,0,0.0,0.982132396016403,/media/i9a2/WindowsData/Wsh/Brain_LLM_Project/4_Results_fmriprep25_test/llama/65B/base/layer72/base_subj7_corrlh.npy
65B,8,72,"(10242,)",0.21959737945060004,0.24067688891455302,0.07732228485825973,-0.26069931276862557,0.30796504357384036,0,0,0.0,0.9588947471197031,/media/i9a2/WindowsData/Wsh/Brain_LLM_Project/4_Results_fmriprep25_test/llama/65B/base/layer72/base_subj8_corrlh.npy
65B,4,73,"(10242,)",0.04919800413580459,0.051097341088309656,0.027528964359795998,-0.18333086110660382,0.18112325485256411,0,0,0.0,0.9526459675844562,/media/i9a2/WindowsData/Wsh/Brain_LLM_Project/4_Results_fmriprep25_test/llama/65B/base/layer73/base_subj4_corrlh.npy
65B,5,73,"(10242,)",0.0820889433530333,0.09394282371098911,0.03796346231133428,-0.13637239072378768,0.15115767008401948,0,0,0.0,0.9397578597930092,/media/i9a2/WindowsData/Wsh/Brain_LLM_Project/4_Results_fmriprep25_test/llama/65B/base/layer73/base_subj5_corrlh.npy
65B,6,73,"(10242,)",0.0567904972303654,0.06202282263629761,0.021721202853926834,-0.1384132107308363,0.14714720107074356,0,0,0.0,0.9622144112478032,/media/i9a2/WindowsData/Wsh/Brain_LLM_Project/4_Results_fmriprep25_test/llama/65B/base/layer73/base_subj6_corrlh.npy
65B,7,73,"(10242,)",0.059955953320182366,0.06430602318486148,0.017983546953486484,-0.09395288371080601,0.10648449344477522,0,0,0.0,0.9739308728763914,/media/i9a2/WindowsData/Wsh/Brain_LLM_Project/4_Results_fmriprep25_test/llama/65B/base/layer73/base_subj7_corrlh.npy
65B,8,73,"(10242,)",0.1737024141258168,0.19218830531385533,0.06593296929976558,-0.20653617455984707,0.258247317351587,0,0,0.0,0.9576254637766062,/media/i9a2/WindowsData/Wsh/Brain_LLM_Project/4_Results_fmriprep25_test/llama/65B/base/layer73/base_subj8_corrlh.npy
65B,4,74,"(10242,)",0.056146561398117634,0.05899101772014682,0.01609810012820469,-0.09701194498939025,0.1216811420664898,0,0,0.0,0.980863112673306,/media/i9a2/WindowsData/Wsh/Brain_LLM_Project/4_Results_fmriprep25_test/llama/65B/base/layer74/base_subj4_corrlh.npy
65B,5,74,"(10242,)",-0.010246748873562552,-0.012165898505740309,0.017426743288524688,-0.12532223775729248,0.13035149785404845,0,0,0.0,0.1540714704159344,/media/i9a2/WindowsData/Wsh/Brain_LLM_Project/4_Results_fmriprep25_test/llama/65B/base/layer74/base_subj5_corrlh.npy
65B,6,74,"(10242,)",0.012623199745510462,0.014273531238139394,0.012828793297555758,-0.11768469994142072,0.14972600994645247,0,0,0.0,0.9289201327865652,/media/i9a2/WindowsData/Wsh/Brain_LLM_Project/4_Results_fmriprep25_test/llama/65B/base/layer74/base_subj6_corrlh.npy
65B,7,74,"(10242,)",0.059601628987452845,0.06285238184373262,0.0154524271077159,-0.09092719357982104,0.10400660243884766,0,0,0.0,0.9811560242140207,/media/i9a2/WindowsData/Wsh/Brain_LLM_Project/4_Results_fmriprep25_test/llama/65B/base/layer74/base_subj7_corrlh.npy
65B,8,74,"(10242,)",0.16452818317063597,0.18009639694989552,0.055838868201356286,-0.18008334714320018,0.22394227502647257,0,0,0.0,0.9592852958406561,/media/i9a2/WindowsData/Wsh/Brain_LLM_Project/4_Results_fmriprep25_test/llama/65B/base/layer74/base_subj8_corrlh.npy
65B,4,75,"(10242,)",0.09396602203806836,0.10283650028872277,0.03214718752152574,-0.1737526483707878,0.17680051264989863,0,0,0.0,0.9687561023237649,/media/i9a2/WindowsData/Wsh/Brain_LLM_Project/4_Results_fmriprep25_test/llama/65B/base/layer75/base_subj4_corrlh.npy
65B,5,75,"(10242,)",0.08474853022548552,0.09211936576028974,0.0390011939343962,-0.19019708487190629,0.19073117436802967,0,0,0.0,0.9513766842413591,/media/i9a2/WindowsData/Wsh/Brain_LLM_Project/4_Results_fmriprep25_test/llama/65B/base/layer75/base_subj5_corrlh.npy
65B,6,75,"(10242,)",0.0004580618920030467,0.0008434759504364932,0.009936112344641722,-0.0902641476865791,0.10336193974418062,0,0,0.0,0.5904120289006054,/media/i9a2/WindowsData/Wsh/Brain_LLM_Project/4_Results_fmriprep25_test/llama/65B/base/layer75/base_subj6_corrlh.npy
65B,7,75,"(10242,)",0.06674973362618167,0.06990078809687986,0.015418039220403443,-0.0793003067154455,0.1244848471459431,0,0,0.0,0.9867213434876001,/media/i9a2/WindowsData/Wsh/Brain_LLM_Project/4_Results_fmriprep25_test/llama/65B/base/layer75/base_subj7_corrlh.npy
65B,8,75,"(10242,)",0.1687596475311434,0.18536961660793463,0.06025410225306667,-0.25945232606464685,0.24171641297143487,0,0,0.0,0.9568443663347003,/media/i9a2/WindowsData/Wsh/Brain_LLM_Project/4_Results_fmriprep25_test/llama/65B/base/layer75/base_subj8_corrlh.npy
65B,4,76,"(10242,)",0.054804727909484596,0.06027273743679143,0.021232175249641105,-0.1609668564452895,0.12841571141796093,0,0,0.0,0.9638742433118531,/media/i9a2/WindowsData/Wsh/Brain_LLM_Project/4_Results_fmriprep25_test/llama/65B/base/layer76/base_subj4_corrlh.npy
65B,5,76,"(10242,)",0.05897785541477519,0.06971037051579182,0.03154586997466911,-0.12514688864341245,0.11406320232222258,0,0,0.0,0.9307752392110916,/media/i9a2/WindowsData/Wsh/Brain_LLM_Project/4_Results_fmriprep25_test/llama/65B/base/layer76/base_subj5_corrlh.npy
65B,6,76,"(10242,)",0.010754911188824313,0.011268213107577392,0.00739006953101784,-0.07968198349925491,0.08745611467063802,0,0,0.0,0.9539152509275532,/media/i9a2/WindowsData/Wsh/Brain_LLM_Project/4_Results_fmriprep25_test/llama/65B/base/layer76/base_subj6_corrlh.npy
65B,7,76,"(10242,)",0.07046243982327527,0.07402890847969158,0.016212217486475524,-0.09921984836324628,0.13446811656116492,0,0,0.0,0.9839875024409295,/media/i9a2/WindowsData/Wsh/Brain_LLM_Project/4_Results_fmriprep25_test/llama/65B/base/layer76/base_subj7_corrlh.npy
65B,8,76,"(10242,)",0.20511051888094217,0.2256980697634198,0.07354885591558365,-0.2446422887183288,0.2974098802008084,0,0,0.0,0.9586994727592267,/media/i9a2/WindowsData/Wsh/Brain_LLM_Project/4_Results_fmriprep25_test/llama/65B/base/layer76/base_subj8_corrlh.npy
65B,4,77,"(10242,)",0.058888303427894625,0.06598984018225096,0.029133799460875243,-0.16099042430775054,0.1674956314980928,0,0,0.0,0.9514743214215974,/media/i9a2/WindowsData/Wsh/Brain_LLM_Project/4_Results_fmriprep25_test/llama/65B/base/layer77/base_subj4_corrlh.npy
65B,5,77,"(10242,)",0.07270666110719595,0.08589120171581749,0.03843436552729229,-0.1421284658829191,0.133027448052225,0,0,0.0,0.9306776020308534,/media/i9a2/WindowsData/Wsh/Brain_LLM_Project/4_Results_fmriprep25_test/llama/65B/base/layer77/base_subj5_corrlh.npy
65B,6,77,"(10242,)",0.006390578420253487,0.00795054618315003,0.011165861347615443,-0.0834798563337806,0.11561705715328065,0,0,0.0,0.8954305799648506,/media/i9a2/WindowsData/Wsh/Brain_LLM_Project/4_Results_fmriprep25_test/llama/65B/base/layer77/base_subj6_corrlh.npy
65B,7,77,"(10242,)",0.06962818029908281,0.07447577854803994,0.022020825051089286,-0.11535320195142307,0.11717853019059754,0,0,0.0,0.9736379613356766,/media/i9a2/WindowsData/Wsh/Brain_LLM_Project/4_Results_fmriprep25_test/llama/65B/base/layer77/base_subj7_corrlh.npy
65B,8,77,"(10242,)",0.1497665203384714,0.1651604832282927,0.05729150909390187,-0.20829434215413536,0.21076599733485507,0,0,0.0,0.9572349150556532,/media/i9a2/WindowsData/Wsh/Brain_LLM_Project/4_Results_fmriprep25_test/llama/65B/base/layer77/base_subj8_corrlh.npy
65B,4,78,"(10242,)",0.0939715990704058,0.09962306777405587,0.024488466105723108,-0.1271035956435963,0.15038848543817604,0,0,0.0,0.9811560242140207,/media/i9a2/WindowsData/Wsh/Brain_LLM_Project/4_Results_fmriprep25_test/llama/65B/base/layer78/base_subj4_corrlh.npy
65B,5,78,"(10242,)",0.08438684202694262,0.09943118900747515,0.04422585961685488,-0.15460493582083867,0.15146462283584258,0,0,0.0,0.9338019917984769,/media/i9a2/WindowsData/Wsh/Brain_LLM_Project/4_Results_fmriprep25_test/llama/65B/base/layer78/base_subj5_corrlh.npy
65B,6,78,"(10242,)",-0.05144410067634643,-0.05495958003632477,0.015000215332132453,-0.10115200286146586,0.07918191384697551,0,0,0.0,0.027045498925991018,/media/i9a2/WindowsData/Wsh/Brain_LLM_Project/4_Results_fmriprep25_test/llama/65B/base/layer78/base_subj6_corrlh.npy
65B,7,78,"(10242,)",0.07320184623131283,0.07662199022300499,0.018084344915545277,-0.08763843242873376,0.14417870046538078,0,0,0.0,0.9801796524116384,/media/i9a2/WindowsData/Wsh/Brain_LLM_Project/4_Results_fmriprep25_test/llama/65B/base/layer78/base_subj7_corrlh.npy
65B,8,78,"(10242,)",0.1676941536669649,0.18508768184034197,0.06403345887022978,-0.22222002401151608,0.27972403364781073,0,0,0.0,0.9570396406951768,/media/i9a2/WindowsData/Wsh/Brain_LLM_Project/4_Results_fmriprep25_test/llama/65B/base/layer78/base_subj8_corrlh.npy
65B,4,79,"(10242,)",0.06800798741979346,0.07313749816493173,0.020990311945867264,-0.13716972536780841,0.12782642276316758,0,0,0.0,0.9731497754344854,/media/i9a2/WindowsData/Wsh/Brain_LLM_Project/4_Results_fmriprep25_test/llama/65B/base/layer79/base_subj4_corrlh.npy
65B,5,79,"(10242,)",0.09229381357765624,0.10863752185822126,0.045876340838253635,-0.16304399039831677,0.1562911859205774,0,0,0.0,0.9316539738332357,/media/i9a2/WindowsData/Wsh/Brain_LLM_Project/4_Results_fmriprep25_test/llama/65B/base/layer79/base_subj5_corrlh.npy
65B,6,79,"(10242,)",0.015625075558508398,0.01622345479800323,0.008776761395840812,-0.07694362143003262,0.08425306233753893,0,0,0.0,0.9647529779339973,/media/i9a2/WindowsData/Wsh/Brain_LLM_Project/4_Results_fmriprep25_test/llama/65B/base/layer79/base_subj6_corrlh.npy
65B,7,79,"(10242,)",0.08407389042923184,0.08967967485357323,0.02352205909239457,-0.10806071500710421,0.11973934956070541,0,0,0.0,0.9769576254637766,/media/i9a2/WindowsData/Wsh/Brain_LLM_Project/4_Results_fmriprep25_test/llama/65B/base/layer79/base_subj7_corrlh.npy
65B,8,79,"(10242,)",0.1340911653655096,0.14726070843926764,0.048921477807589465,-0.16638583580318372,0.19780413458041773,0,0,0.0,0.9582112868580356,/media/i9a2/WindowsData/Wsh/Brain_LLM_Project/4_Results_fmriprep25_test/llama/65B/base/layer79/base_subj8_corrlh.npy
65B,4,8,"(10242,)",0.054300217843714874,0.057421729423792034,0.015441463448228897,-0.08554110965484756,0.16271465438931879,0,0,0.0,0.9801796524116384,/media/i9a2/WindowsData/Wsh/Brain_LLM_Project/4_Results_fmriprep25_test/llama/65B/base/layer8/base_subj4_corrlh.npy
65B,5,8,"(10242,)",0.09269171451506725,0.10037808376097214,0.03720175735432687,-0.13624222476136663,0.1933521461062015,0,0,0.0,0.9560632688927944,/media/i9a2/WindowsData/Wsh/Brain_LLM_Project/4_Results_fmriprep25_test/llama/65B/base/layer8/base_subj5_corrlh.npy
65B,6,8,"(10242,)",-0.03300003467399601,-0.03511956706048384,0.011534179131827764,-0.10170868967094748,0.09373201526099398,0,0,0.0,0.028412419449326303,/media/i9a2/WindowsData/Wsh/Brain_LLM_Project/4_Results_fmriprep25_test/llama/65B/base/layer8/base_subj6_corrlh.npy
65B,7,8,"(10242,)",0.0854028379929436,0.09036736217373742,0.021436942782744894,-0.1310844117503216,0.1490486048274212,0,0,0.0,0.9793009177894942,/media/i9a2/WindowsData/Wsh/Brain_LLM_Project/4_Results_fmriprep25_test/llama/65B/base/layer8/base_subj7_corrlh.npy
65B,8,8,"(10242,)",0.13450716281846758,0.14768032451750895,0.048595047727709194,-0.19282804180230395,0.2127925652655189,0,0,0.0,0.9609451279047061,/media/i9a2/WindowsData/Wsh/Brain_LLM_Project/4_Results_fmriprep25_test/llama/65B/base/layer8/base_subj8_corrlh.npy
65B,4,9,"(10242,)",0.11012850798242454,0.11862724972964103,0.031421892112634825,-0.17916958626760376,0.18137330462249962,0,0,0.0,0.9739308728763914,/media/i9a2/WindowsData/Wsh/Brain_LLM_Project/4_Results_fmriprep25_test/llama/65B/base/layer9/base_subj4_corrlh.npy
65B,5,9,"(10242,)",0.09958919611582562,0.11129763752649392,0.041415059017525804,-0.15682644838911095,0.17005308348068432,0,0,0.0,0.9481546572934973,/media/i9a2/WindowsData/Wsh/Brain_LLM_Project/4_Results_fmriprep25_test/llama/65B/base/layer9/base_subj5_corrlh.npy
65B,6,9,"(10242,)",0.024890422906072508,0.026329179775331602,0.008845307186306038,-0.07593919395153587,0.09077019459881899,0,0,0.0,0.9724663151728178,/media/i9a2/WindowsData/Wsh/Brain_LLM_Project/4_Results_fmriprep25_test/llama/65B/base/layer9/base_subj6_corrlh.npy
65B,7,9,"(10242,)",0.03760800744725299,0.03872146080780517,0.011012627026003832,-0.0895450392056504,0.1171905740174958,0,0,0.0,0.9790080062487795,/media/i9a2/WindowsData/Wsh/Brain_LLM_Project/4_Results_fmriprep25_test/llama/65B/base/layer9/base_subj7_corrlh.npy
65B,8,9,"(10242,)",0.18593234192301572,0.20447900030582356,0.06976439615261822,-0.23285151163108866,0.27968269796316736,0,0,0.0,0.9574301894161297,/media/i9a2/WindowsData/Wsh/Brain_LLM_Project/4_Results_fmriprep25_test/llama/65B/base/layer9/base_subj8_corrlh.npy
7B,4,0,"(10242,)",0.07236706414539375,0.07684657961447275,0.019636556644333242,-0.12348141933892928,0.1261581793425859,0,0,0.0,0.9779339972661589,/media/i9a2/WindowsData/Wsh/Brain_LLM_Project/4_Results_fmriprep25_test/llama/7B/base/layer0/base_subj4_corrlh.npy
7B,5,0,"(10242,)",0.0682666078345924,0.07858085603944366,0.03317781857316661,-0.12354783728167519,0.13314135168846145,0,0,0.0,0.9373169302870533,/media/i9a2/WindowsData/Wsh/Brain_LLM_Project/4_Results_fmriprep25_test/llama/7B/base/layer0/base_subj5_corrlh.npy
7B,6,0,"(10242,)",0.030338351417371387,0.033303519568276166,0.015440625501330432,-0.1260282059352387,0.12363763923061896,0,0,0.0,0.9588947471197031,/media/i9a2/WindowsData/Wsh/Brain_LLM_Project/4_Results_fmriprep25_test/llama/7B/base/layer0/base_subj6_corrlh.npy
7B,7,0,"(10242,)",0.0921052040259054,0.09703767371972921,0.021354681197664024,-0.1092999362883296,0.1563288590677615,0,0,0.0,0.9811560242140207,/media/i9a2/WindowsData/Wsh/Brain_LLM_Project/4_Results_fmriprep25_test/llama/7B/base/layer0/base_subj7_corrlh.npy
7B,8,0,"(10242,)",0.19378292404262867,0.2123780597964398,0.07061191889770269,-0.22436496590027669,0.26784515539552695,0,0,0.0,0.9602616676430384,/media/i9a2/WindowsData/Wsh/Brain_LLM_Project/4_Results_fmriprep25_test/llama/7B/base/layer0/base_subj8_corrlh.npy
7B,4,1,"(10242,)",0.0656482160027812,0.07003196247886212,0.021323565869359924,-0.13966926780975455,0.14507722202018,0,0,0.0,0.9740285100566296,/media/i9a2/WindowsData/Wsh/Brain_LLM_Project/4_Results_fmriprep25_test/llama/7B/base/layer1/base_subj4_corrlh.npy
7B,5,1,"(10242,)",0.07167498802510909,0.07813980505648957,0.029696315500747725,-0.12856088632252033,0.15803721075407978,0,0,0.0,0.950497949619215,/media/i9a2/WindowsData/Wsh/Brain_LLM_Project/4_Results_fmriprep25_test/llama/7B/base/layer1/base_subj5_corrlh.npy
7B,6,1,"(10242,)",0.022690724194601095,0.024459334750973706,0.013263472546539156,-0.1196294628934006,0.12331491569694225,0,0,0.0,0.9605545791837532,/media/i9a2/WindowsData/Wsh/Brain_LLM_Project/4_Results_fmriprep25_test/llama/7B/base/layer1/base_subj6_corrlh.npy
7B,7,1,"(10242,)",0.09138295628494048,0.0966290939447976,0.0236828567493033,-0.14407715600006957,0.1534152906747703,0,0,0.0,0.9788127318883031,/media/i9a2/WindowsData/Wsh/Brain_LLM_Project/4_Results_fmriprep25_test/llama/7B/base/layer1/base_subj7_corrlh.npy
7B,8,1,"(10242,)",0.24291410902964505,0.2652101527070767,0.08588727615166902,-0.266566110974418,0.33676406027147276,0,0,0.0,0.9597734817418473,/media/i9a2/WindowsData/Wsh/Brain_LLM_Project/4_Results_fmriprep25_test/llama/7B/base/layer1/base_subj8_corrlh.npy
7B,4,10,"(10242,)",0.07559885647252283,0.08170324963180531,0.022717705564632387,-0.09483376684134222,0.1203305128986618,0,0,0.0,0.9718804920913884,/media/i9a2/WindowsData/Wsh/Brain_LLM_Project/4_Results_fmriprep25_test/llama/7B/base/layer10/base_subj4_corrlh.npy
7B,5,10,"(10242,)",0.12285272042965281,0.13938457392236542,0.05106326247552635,-0.15996284619276452,0.20310291524962595,0,0,0.0,0.9447373559851592,/media/i9a2/WindowsData/Wsh/Brain_LLM_Project/4_Results_fmriprep25_test/llama/7B/base/layer10/base_subj5_corrlh.npy
7B,6,10,"(10242,)",-0.00989823302007994,-0.010214237850093715,0.007743553651503336,-0.08100788995148488,0.0765182819228733,0,0,0.0,0.045791837531732084,/media/i9a2/WindowsData/Wsh/Brain_LLM_Project/4_Results_fmriprep25_test/llama/7B/base/layer10/base_subj6_corrlh.npy
7B,7,10,"(10242,)",0.05545531074149485,0.05768729313956598,0.015446278640480149,-0.09034680731015086,0.13193054529408074,0,0,0.0,0.980863112673306,/media/i9a2/WindowsData/Wsh/Brain_LLM_Project/4_Results_fmriprep25_test/llama/7B/base/layer10/base_subj7_corrlh.npy
7B,8,10,"(10242,)",0.1949955287918398,0.21444087754956925,0.07091300729917005,-0.22374269576392403,0.2588281776296867,0,0,0.0,0.9577231009568443,/media/i9a2/WindowsData/Wsh/Brain_LLM_Project/4_Results_fmriprep25_test/llama/7B/base/layer10/base_subj8_corrlh.npy
7B,4,11,"(10242,)",0.09979359645870449,0.10867541910240738,0.033028151114747814,-0.1578686571657852,0.19049839561273038,0,0,0.0,0.9669986330794766,/media/i9a2/WindowsData/Wsh/Brain_LLM_Project/4_Results_fmriprep25_test/llama/7B/base/layer11/base_subj4_corrlh.npy
7B,5,11,"(10242,)",0.08359692189852205,0.09754213489472899,0.04128534367485053,-0.15242687694400942,0.1467187029635681,0,0,0.0,0.9358523725834798,/media/i9a2/WindowsData/Wsh/Brain_LLM_Project/4_Results_fmriprep25_test/llama/7B/base/layer11/base_subj5_corrlh.npy
7B,6,11,"(10242,)",-0.016753753408520117,-0.0178731680346349,0.009656129465139683,-0.0945301189145166,0.10094812264686373,0,0,0.0,0.03915250927553212,/media/i9a2/WindowsData/Wsh/Brain_LLM_Project/4_Results_fmriprep25_test/llama/7B/base/layer11/base_subj6_corrlh.npy
7B,7,11,"(10242,)",0.08711094896662396,0.09156268818958974,0.021856281846631843,-0.1258517812898937,0.1326176328953322,0,0,0.0,0.9798867408709236,/media/i9a2/WindowsData/Wsh/Brain_LLM_Project/4_Results_fmriprep25_test/llama/7B/base/layer11/base_subj7_corrlh.npy
7B,8,11,"(10242,)",0.19344409199883583,0.21465946851061246,0.07778832745593946,-0.24783247130954683,0.2685959905875001,0,0,0.0,0.9562585432532709,/media/i9a2/WindowsData/Wsh/Brain_LLM_Project/4_Results_fmriprep25_test/llama/7B/base/layer11/base_subj8_corrlh.npy
7B,4,12,"(10242,)",0.10315947372503557,0.11136319630232179,0.028499770866953333,-0.17420053780005007,0.20738975895007578,0,0,0.0,0.9763718023823472,/media/i9a2/WindowsData/Wsh/Brain_LLM_Project/4_Results_fmriprep25_test/llama/7B/base/layer12/base_subj4_corrlh.npy
7B,5,12,"(10242,)",0.06223474174121142,0.0737855996266146,0.03671765160461045,-0.17363103138009028,0.1748338471560901,0,0,0.0,0.9259910173794181,/media/i9a2/WindowsData/Wsh/Brain_LLM_Project/4_Results_fmriprep25_test/llama/7B/base/layer12/base_subj5_corrlh.npy
7B,6,12,"(10242,)",0.013745966449148826,0.014549742079043753,0.008034434331241064,-0.07272192444798965,0.09352100077322013,0,0,0.0,0.9578207381370826,/media/i9a2/WindowsData/Wsh/Brain_LLM_Project/4_Results_fmriprep25_test/llama/7B/base/layer12/base_subj6_corrlh.npy
7B,7,12,"(10242,)",0.04588423953000072,0.048523155354416724,0.012654187135273805,-0.09797176527850457,0.09774560789646163,0,0,0.0,0.9806678383128296,/media/i9a2/WindowsData/Wsh/Brain_LLM_Project/4_Results_fmriprep25_test/llama/7B/base/layer12/base_subj7_corrlh.npy
7B,8,12,"(10242,)",0.1350872349437271,0.1505640831445486,0.05574984775275771,-0.19045933040621482,0.21801926438393301,0,0,0.0,0.9545010740089827,/media/i9a2/WindowsData/Wsh/Brain_LLM_Project/4_Results_fmriprep25_test/llama/7B/base/layer12/base_subj8_corrlh.npy
7B,4,13,"(10242,)",0.08635148832691585,0.0927590826091861,0.02319291058073175,-0.11848513697038258,0.11968101162395647,0,0,0.0,0.9763718023823472,/media/i9a2/WindowsData/Wsh/Brain_LLM_Project/4_Results_fmriprep25_test/llama/7B/base/layer13/base_subj4_corrlh.npy
7B,5,13,"(10242,)",0.02660184835246355,0.03301037094486147,0.026914292705636913,-0.14889295834757427,0.19017116672686285,0,0,0.0,0.891818004296036,/media/i9a2/WindowsData/Wsh/Brain_LLM_Project/4_Results_fmriprep25_test/llama/7B/base/layer13/base_subj5_corrlh.npy
7B,6,13,"(10242,)",-0.052618689620355666,-0.056471393705373865,0.015238745950659084,-0.10361198897485532,0.08920302298370167,0,0,0.0,0.028802968170279244,/media/i9a2/WindowsData/Wsh/Brain_LLM_Project/4_Results_fmriprep25_test/llama/7B/base/layer13/base_subj6_corrlh.npy
7B,7,13,"(10242,)",0.014249124726410085,0.014351916331013983,0.006660982468331613,-0.0635969619236001,0.07793541678480924,0,0,0.0,0.9735403241554383,/media/i9a2/WindowsData/Wsh/Brain_LLM_Project/4_Results_fmriprep25_test/llama/7B/base/layer13/base_subj7_corrlh.npy
7B,8,13,"(10242,)",0.1253407553340183,0.13790804181628938,0.04743920609958606,-0.19104194494904847,0.20336922507956767,0,0,0.0,0.958406561218512,/media/i9a2/WindowsData/Wsh/Brain_LLM_Project/4_Results_fmriprep25_test/llama/7B/base/layer13/base_subj8_corrlh.npy
7B,4,14,"(10242,)",0.08028634056099143,0.08577853637018086,0.0241743622713362,-0.1315610005217341,0.1559059942016227,0,0,0.0,0.976274165202109,/media/i9a2/WindowsData/Wsh/Brain_LLM_Project/4_Results_fmriprep25_test/llama/7B/base/layer14/base_subj4_corrlh.npy
7B,5,14,"(10242,)",0.07394134996714971,0.0794732106598495,0.03175992432975048,-0.16297764830192724,0.16723007080168137,0,0,0.0,0.958797109939465,/media/i9a2/WindowsData/Wsh/Brain_LLM_Project/4_Results_fmriprep25_test/llama/7B/base/layer14/base_subj5_corrlh.npy
7B,6,14,"(10242,)",0.0483706714008485,0.05228197960491364,0.015648512766442232,-0.0930159679165854,0.113590345418689,0,0,0.0,0.9691466510447179,/media/i9a2/WindowsData/Wsh/Brain_LLM_Project/4_Results_fmriprep25_test/llama/7B/base/layer14/base_subj6_corrlh.npy
7B,7,14,"(10242,)",0.09908043641047282,0.10511498637652225,0.02674480848323202,-0.16182992608541555,0.16515121554092455,0,0,0.0,0.9765670767428236,/media/i9a2/WindowsData/Wsh/Brain_LLM_Project/4_Results_fmriprep25_test/llama/7B/base/layer14/base_subj7_corrlh.npy
7B,8,14,"(10242,)",0.18896857848088625,0.20771122849574425,0.06856387150370838,-0.22253062281701555,0.26030053226846916,0,0,0.0,0.9581136496777973,/media/i9a2/WindowsData/Wsh/Brain_LLM_Project/4_Results_fmriprep25_test/llama/7B/base/layer14/base_subj8_corrlh.npy
7B,4,15,"(10242,)",0.10373627407504828,0.11244711217113275,0.030031766332431167,-0.1705115211185656,0.19081387464563926,0,0,0.0,0.9730521382542472,/media/i9a2/WindowsData/Wsh/Brain_LLM_Project/4_Results_fmriprep25_test/llama/7B/base/layer15/base_subj4_corrlh.npy
7B,5,15,"(10242,)",0.0710578459430874,0.08288402584520903,0.03675416526666183,-0.1579159323522493,0.14592917626081475,0,0,0.0,0.9344854520601446,/media/i9a2/WindowsData/Wsh/Brain_LLM_Project/4_Results_fmriprep25_test/llama/7B/base/layer15/base_subj5_corrlh.npy
7B,6,15,"(10242,)",-0.010295832201250217,-0.010827385571684249,0.007363520551288296,-0.07275106937231061,0.08104876436688821,0,0,0.0,0.045889474711970316,/media/i9a2/WindowsData/Wsh/Brain_LLM_Project/4_Results_fmriprep25_test/llama/7B/base/layer15/base_subj6_corrlh.npy
7B,7,15,"(10242,)",0.07559209851573973,0.07919410340740413,0.01703972978594397,-0.1029557765867934,0.13139335107651628,0,0,0.0,0.9839875024409295,/media/i9a2/WindowsData/Wsh/Brain_LLM_Project/4_Results_fmriprep25_test/llama/7B/base/layer15/base_subj7_corrlh.npy
7B,8,15,"(10242,)",0.20419303758274576,0.2238005901162434,0.07356301895824473,-0.27429994166125904,0.28866686296904637,0,0,0.0,0.9589923842999414,/media/i9a2/WindowsData/Wsh/Brain_LLM_Project/4_Results_fmriprep25_test/llama/7B/base/layer15/base_subj8_corrlh.npy
7B,4,16,"(10242,)",0.10091265193861992,0.11075100317574106,0.03284605317496256,-0.1605560419622158,0.1682311334054859,0,0,0.0,0.9684631907830502,/media/i9a2/WindowsData/Wsh/Brain_LLM_Project/4_Results_fmriprep25_test/llama/7B/base/layer16/base_subj4_corrlh.npy
7B,5,16,"(10242,)",0.06745777895513067,0.07067830424168464,0.03851600950269675,-0.22403864837647022,0.2537744423958379,0,0,0.0,0.9441515329037298,/media/i9a2/WindowsData/Wsh/Brain_LLM_Project/4_Results_fmriprep25_test/llama/7B/base/layer16/base_subj5_corrlh.npy
7B,6,16,"(10242,)",-0.0014224700132797281,-0.0024229776123331805,0.01049445031021378,-0.09064850930843418,0.08317596103114316,0,0,0.0,0.26645186487014255,/media/i9a2/WindowsData/Wsh/Brain_LLM_Project/4_Results_fmriprep25_test/llama/7B/base/layer16/base_subj6_corrlh.npy
7B,7,16,"(10242,)",0.0882656806747762,0.09322718950517787,0.025754799225127266,-0.1562920452361804,0.2006356447261003,0,0,0.0,0.9783245459871119,/media/i9a2/WindowsData/Wsh/Brain_LLM_Project/4_Results_fmriprep25_test/llama/7B/base/layer16/base_subj7_corrlh.npy
7B,8,16,"(10242,)",0.19323103122061167,0.21077461881110499,0.0659416960637152,-0.23596466768047486,0.3075154450845469,0,0,0.0,0.961335676625659,/media/i9a2/WindowsData/Wsh/Brain_LLM_Project/4_Results_fmriprep25_test/llama/7B/base/layer16/base_subj8_corrlh.npy
7B,4,17,"(10242,)",0.14316297194035887,0.1541318838001758,0.036573892091883844,-0.1574605108601001,0.18523222282239013,0,0,0.0,0.9790080062487795,/media/i9a2/WindowsData/Wsh/Brain_LLM_Project/4_Results_fmriprep25_test/llama/7B/base/layer17/base_subj4_corrlh.npy
7B,5,17,"(10242,)",0.07268076451403174,0.0858079019225181,0.03838791230311069,-0.20716655394267824,0.1597601260784603,0,0,0.0,0.9316539738332357,/media/i9a2/WindowsData/Wsh/Brain_LLM_Project/4_Results_fmriprep25_test/llama/7B/base/layer17/base_subj5_corrlh.npy
7B,6,17,"(10242,)",-0.00965411595400229,-0.010715905636257999,0.008790599071673231,-0.07593176952089131,0.08781089554164982,0,0,0.0,0.06688146846319078,/media/i9a2/WindowsData/Wsh/Brain_LLM_Project/4_Results_fmriprep25_test/llama/7B/base/layer17/base_subj6_corrlh.npy
7B,7,17,"(10242,)",0.003874520027294408,0.0037129466662282166,0.006030654690750604,-0.07992794146181983,0.06912199419484072,0,0,0.0,0.9088068736574888,/media/i9a2/WindowsData/Wsh/Brain_LLM_Project/4_Results_fmriprep25_test/llama/7B/base/layer17/base_subj7_corrlh.npy
7B,8,17,"(10242,)",0.14658636153245305,0.16115093568866207,0.05308159896545612,-0.18436878572422974,0.21050107046931027,0,0,0.0,0.9593829330208944,/media/i9a2/WindowsData/Wsh/Brain_LLM_Project/4_Results_fmriprep25_test/llama/7B/base/layer17/base_subj8_corrlh.npy
7B,4,18,"(10242,)",0.07481708984861807,0.080140473569528,0.024155669500383465,-0.1493254920226686,0.16565838544267614,0,0,0.0,0.9744190587775825,/media/i9a2/WindowsData/Wsh/Brain_LLM_Project/4_Results_fmriprep25_test/llama/7B/base/layer18/base_subj4_corrlh.npy
7B,5,18,"(10242,)",0.030543992164720347,0.03367631534897376,0.017612998325086116,-0.11905030418960262,0.13604342134216013,0,0,0.0,0.9413200546768209,/media/i9a2/WindowsData/Wsh/Brain_LLM_Project/4_Results_fmriprep25_test/llama/7B/base/layer18/base_subj5_corrlh.npy
7B,6,18,"(10242,)",-0.0011385350583036102,-0.0008149200655338616,0.007318404825325319,-0.09590804825972224,0.079854544630615,0,0,0.0,0.35696153095098615,/media/i9a2/WindowsData/Wsh/Brain_LLM_Project/4_Results_fmriprep25_test/llama/7B/base/layer18/base_subj6_corrlh.npy
7B,7,18,"(10242,)",0.10965441154179513,0.11461796833690095,0.02401572906941468,-0.11852245189888116,0.16512954596778445,0,0,0.0,0.9837922280804531,/media/i9a2/WindowsData/Wsh/Brain_LLM_Project/4_Results_fmriprep25_test/llama/7B/base/layer18/base_subj7_corrlh.npy
7B,8,18,"(10242,)",0.221054482382389,0.24140663464857964,0.07693690714630395,-0.2570036890934022,0.3243313779800513,0,0,0.0,0.961335676625659,/media/i9a2/WindowsData/Wsh/Brain_LLM_Project/4_Results_fmriprep25_test/llama/7B/base/layer18/base_subj8_corrlh.npy
7B,4,19,"(10242,)",0.10288287123067301,0.1121820280304886,0.031085438846361675,-0.14764999408573318,0.14477732401086646,0,0,0.0,0.9716852177309119,/media/i9a2/WindowsData/Wsh/Brain_LLM_Project/4_Results_fmriprep25_test/llama/7B/base/layer19/base_subj4_corrlh.npy
7B,5,19,"(10242,)",0.10119906680339442,0.11540727734983161,0.04440487328594015,-0.15331943065208015,0.16586750993216157,0,0,0.0,0.9394649482522944,/media/i9a2/WindowsData/Wsh/Brain_LLM_Project/4_Results_fmriprep25_test/llama/7B/base/layer19/base_subj5_corrlh.npy
7B,6,19,"(10242,)",-0.007044248690168748,-0.007314381543664887,0.010362006609595322,-0.10487009117492269,0.11426900560827856,0,0,0.0,0.09900410076157,/media/i9a2/WindowsData/Wsh/Brain_LLM_Project/4_Results_fmriprep25_test/llama/7B/base/layer19/base_subj6_corrlh.npy
7B,7,19,"(10242,)",0.06838403871369929,0.07230622934114858,0.02569754249979426,-0.14456610055375396,0.1884163761598281,0,0,0.0,0.9703182972075767,/media/i9a2/WindowsData/Wsh/Brain_LLM_Project/4_Results_fmriprep25_test/llama/7B/base/layer19/base_subj7_corrlh.npy
7B,8,19,"(10242,)",0.2006275776088575,0.22100686071642034,0.07579413661275866,-0.24280463874859728,0.2698635831457427,0,0,0.0,0.9564538176137474,/media/i9a2/WindowsData/Wsh/Brain_LLM_Project/4_Results_fmriprep25_test/llama/7B/base/layer19/base_subj8_corrlh.npy
7B,4,2,"(10242,)",0.08342284599668355,0.0891921548821693,0.023361520907873114,-0.1466230856571296,0.1398066936049663,0,0,0.0,0.9769576254637766,/media/i9a2/WindowsData/Wsh/Brain_LLM_Project/4_Results_fmriprep25_test/llama/7B/base/layer2/base_subj4_corrlh.npy
7B,5,2,"(10242,)",0.07738896704652064,0.08618680286733574,0.032282851643901204,-0.14075263631286317,0.14450419237508919,0,0,0.0,0.9483499316539739,/media/i9a2/WindowsData/Wsh/Brain_LLM_Project/4_Results_fmriprep25_test/llama/7B/base/layer2/base_subj5_corrlh.npy
7B,6,2,"(10242,)",0.03848917262058701,0.04158715098858044,0.016737344646220734,-0.12674036824482693,0.1497514474626856,0,0,0.0,0.9661198984573326,/media/i9a2/WindowsData/Wsh/Brain_LLM_Project/4_Results_fmriprep25_test/llama/7B/base/layer2/base_subj6_corrlh.npy
7B,7,2,"(10242,)",0.11564517998832277,0.12151565661766614,0.02614592545194092,-0.14062178602178424,0.17510028369414898,0,0,0.0,0.9834016793595001,/media/i9a2/WindowsData/Wsh/Brain_LLM_Project/4_Results_fmriprep25_test/llama/7B/base/layer2/base_subj7_corrlh.npy
7B,8,2,"(10242,)",0.22838969722722594,0.25167373018618705,0.08628091289565301,-0.2817804633559926,0.3155078924646301,0,0,0.0,0.9580160124975591,/media/i9a2/WindowsData/Wsh/Brain_LLM_Project/4_Results_fmriprep25_test/llama/7B/base/layer2/base_subj8_corrlh.npy
7B,4,20,"(10242,)",0.07771205553583506,0.08414831445884532,0.02603821954609842,-0.14815620325702503,0.14119652684960907,0,0,0.0,0.969634836945909,/media/i9a2/WindowsData/Wsh/Brain_LLM_Project/4_Results_fmriprep25_test/llama/7B/base/layer20/base_subj4_corrlh.npy
7B,5,20,"(10242,)",0.06719382572272047,0.08062619437731482,0.04116252043796953,-0.14405006606234697,0.14696928822960348,0,0,0.0,0.9236477250537004,/media/i9a2/WindowsData/Wsh/Brain_LLM_Project/4_Results_fmriprep25_test/llama/7B/base/layer20/base_subj5_corrlh.npy
7B,6,20,"(10242,)",0.004121652278991805,0.004464346216702823,0.009510022262103556,-0.0840540075078644,0.08427128094763275,0,0,0.0,0.8568638937707479,/media/i9a2/WindowsData/Wsh/Brain_LLM_Project/4_Results_fmriprep25_test/llama/7B/base/layer20/base_subj6_corrlh.npy
7B,7,20,"(10242,)",0.035959780226307955,0.03803214063594427,0.011153725382489417,-0.08119015350889336,0.13099975514285908,0,0,0.0,0.9771528998242531,/media/i9a2/WindowsData/Wsh/Brain_LLM_Project/4_Results_fmriprep25_test/llama/7B/base/layer20/base_subj7_corrlh.npy
7B,8,20,"(10242,)",0.21677354210356253,0.23889498382222288,0.08186993844983576,-0.27632164276319326,0.2890909598192636,0,0,0.0,0.9564538176137474,/media/i9a2/WindowsData/Wsh/Brain_LLM_Project/4_Results_fmriprep25_test/llama/7B/base/layer20/base_subj8_corrlh.npy
7B,4,21,"(10242,)",0.03421290776837244,0.039403579121837694,0.025676534775501244,-0.16716142513424814,0.15894931273931068,0,0,0.0,0.9208162468267916,/media/i9a2/WindowsData/Wsh/Brain_LLM_Project/4_Results_fmriprep25_test/llama/7B/base/layer21/base_subj4_corrlh.npy
7B,5,21,"(10242,)",0.09965247031808783,0.11782618178391305,0.049561594139784206,-0.1617647029458297,0.20075060668225708,0,0,0.0,0.9323374340949033,/media/i9a2/WindowsData/Wsh/Brain_LLM_Project/4_Results_fmriprep25_test/llama/7B/base/layer21/base_subj5_corrlh.npy
7B,6,21,"(10242,)",0.018896008861489573,0.022375446217524644,0.02131249401304546,-0.1215793770554503,0.13265851913425647,0,0,0.0,0.9153485647334505,/media/i9a2/WindowsData/Wsh/Brain_LLM_Project/4_Results_fmriprep25_test/llama/7B/base/layer21/base_subj6_corrlh.npy
7B,7,21,"(10242,)",0.05723365466698709,0.06021348270447537,0.01749579322816463,-0.12688405358299779,0.1334344539904915,0,0,0.0,0.9764694395625855,/media/i9a2/WindowsData/Wsh/Brain_LLM_Project/4_Results_fmriprep25_test/llama/7B/base/layer21/base_subj7_corrlh.npy
7B,8,21,"(10242,)",0.12186536211737614,0.1344244252538378,0.046252346280509886,-0.17526341538160323,0.19670142264639323,0,0,0.0,0.9568443663347003,/media/i9a2/WindowsData/Wsh/Brain_LLM_Project/4_Results_fmriprep25_test/llama/7B/base/layer21/base_subj8_corrlh.npy
7B,4,22,"(10242,)",0.11351584174550625,0.12184538489870728,0.0351351117506463,-0.18023866305626562,0.2087528085729234,0,0,0.0,0.9717828549111501,/media/i9a2/WindowsData/Wsh/Brain_LLM_Project/4_Results_fmriprep25_test/llama/7B/base/layer22/base_subj4_corrlh.npy
7B,5,22,"(10242,)",0.040649687210814245,0.04495162826767673,0.0234280565637558,-0.18674581378322003,0.17655519675684572,0,0,0.0,0.9399531341534857,/media/i9a2/WindowsData/Wsh/Brain_LLM_Project/4_Results_fmriprep25_test/llama/7B/base/layer22/base_subj5_corrlh.npy
7B,6,22,"(10242,)",0.04465913841205331,0.04692265868161688,0.018909903938516635,-0.16614504331150762,0.16339262873864663,0,0,0.0,0.9679750048818591,/media/i9a2/WindowsData/Wsh/Brain_LLM_Project/4_Results_fmriprep25_test/llama/7B/base/layer22/base_subj6_corrlh.npy
7B,7,22,"(10242,)",0.052069188893071466,0.055126759139928545,0.014557153735264346,-0.12797110398293146,0.16460541158834127,0,0,0.0,0.980472563952353,/media/i9a2/WindowsData/Wsh/Brain_LLM_Project/4_Results_fmriprep25_test/llama/7B/base/layer22/base_subj7_corrlh.npy
7B,8,22,"(10242,)",0.19063180380522304,0.20939227718526573,0.07013990817713181,-0.24545572607720534,0.24892528532742278,0,0,0.0,0.958406561218512,/media/i9a2/WindowsData/Wsh/Brain_LLM_Project/4_Results_fmriprep25_test/llama/7B/base/layer22/base_subj8_corrlh.npy
7B,4,23,"(10242,)",0.06837035884204502,0.0757646658356795,0.025739827090756794,-0.1273873373921088,0.11923184522156965,0,0,0.0,0.9624096856082797,/media/i9a2/WindowsData/Wsh/Brain_LLM_Project/4_Results_fmriprep25_test/llama/7B/base/layer23/base_subj4_corrlh.npy
7B,5,23,"(10242,)",0.08304983110352486,0.095971814859199,0.03894842106028128,-0.1414095910085024,0.16233689053787623,0,0,0.0,0.9356570982230034,/media/i9a2/WindowsData/Wsh/Brain_LLM_Project/4_Results_fmriprep25_test/llama/7B/base/layer23/base_subj5_corrlh.npy
7B,6,23,"(10242,)",-0.027536221693869465,-0.030115969371727544,0.013119017003182031,-0.09272710011635726,0.09282063513805688,0,0,0.0,0.03934778363600859,/media/i9a2/WindowsData/Wsh/Brain_LLM_Project/4_Results_fmriprep25_test/llama/7B/base/layer23/base_subj6_corrlh.npy
7B,7,23,"(10242,)",-0.008900148852158797,-0.0074749955929676246,0.01288394547962391,-0.1261436124083971,0.08956836243382477,0,0,0.0,0.09783245459871119,/media/i9a2/WindowsData/Wsh/Brain_LLM_Project/4_Results_fmriprep25_test/llama/7B/base/layer23/base_subj7_corrlh.npy
7B,8,23,"(10242,)",0.13043150634182596,0.14443047934264383,0.05090905786028174,-0.1935871686036395,0.18389383677169618,0,0,0.0,0.9557703573520797,/media/i9a2/WindowsData/Wsh/Brain_LLM_Project/4_Results_fmriprep25_test/llama/7B/base/layer23/base_subj8_corrlh.npy
7B,4,24,"(10242,)",0.03519228106769254,0.03502904143556421,0.015191457506014285,-0.08541806472940029,0.144049939148609,0,0,0.0,0.976274165202109,/media/i9a2/WindowsData/Wsh/Brain_LLM_Project/4_Results_fmriprep25_test/llama/7B/base/layer24/base_subj4_corrlh.npy
7B,5,24,"(10242,)",0.02654195626155344,0.027768787263584047,0.017395641670657113,-0.08658395863284224,0.14196525254448578,0,0,0.0,0.9398554969732474,/media/i9a2/WindowsData/Wsh/Brain_LLM_Project/4_Results_fmriprep25_test/llama/7B/base/layer24/base_subj5_corrlh.npy
7B,6,24,"(10242,)",0.02222466130424017,0.02286504460982893,0.008008361506079578,-0.06093241835974463,0.08050502024134808,0,0,0.0,0.9802772895918765,/media/i9a2/WindowsData/Wsh/Brain_LLM_Project/4_Results_fmriprep25_test/llama/7B/base/layer24/base_subj6_corrlh.npy
7B,7,24,"(10242,)",0.00513407210071738,0.005647536597372364,0.008624699254378369,-0.0812126199446373,0.08038164317978144,0,0,0.0,0.8850810388595978,/media/i9a2/WindowsData/Wsh/Brain_LLM_Project/4_Results_fmriprep25_test/llama/7B/base/layer24/base_subj7_corrlh.npy
7B,8,24,"(10242,)",0.0907915384078042,0.10094948328704398,0.039692979258880136,-0.20614484886231876,0.19674901378059234,0,0,0.0,0.9550868970904121,/media/i9a2/WindowsData/Wsh/Brain_LLM_Project/4_Results_fmriprep25_test/llama/7B/base/layer24/base_subj8_corrlh.npy
7B,4,25,"(10242,)",0.046306326816773366,0.049033063098072885,0.013744715536277066,-0.0848912386691915,0.10151041991433783,0,0,0.0,0.977543448545206,/media/i9a2/WindowsData/Wsh/Brain_LLM_Project/4_Results_fmriprep25_test/llama/7B/base/layer25/base_subj4_corrlh.npy
7B,5,25,"(10242,)",0.0471591574717533,0.052818195900858206,0.026339614396923398,-0.1408645414606432,0.1751657774423525,0,0,0.0,0.9368287443858622,/media/i9a2/WindowsData/Wsh/Brain_LLM_Project/4_Results_fmriprep25_test/llama/7B/base/layer25/base_subj5_corrlh.npy
7B,6,25,"(10242,)",-0.009371795919619235,-0.009714555802385727,0.01241622869800237,-0.1252978951093618,0.12905420528175301,0,0,0.0,0.0888498340167936,/media/i9a2/WindowsData/Wsh/Brain_LLM_Project/4_Results_fmriprep25_test/llama/7B/base/layer25/base_subj6_corrlh.npy
7B,7,25,"(10242,)",0.09128335316250219,0.09735913036988411,0.025972889699967503,-0.14580471105814252,0.19129463058578738,0,0,0.0,0.9759812536613942,/media/i9a2/WindowsData/Wsh/Brain_LLM_Project/4_Results_fmriprep25_test/llama/7B/base/layer25/base_subj7_corrlh.npy
7B,8,25,"(10242,)",0.18891343947637762,0.20874260230054953,0.07028736673166922,-0.23984972461486898,0.28270708756740465,0,0,0.0,0.9562585432532709,/media/i9a2/WindowsData/Wsh/Brain_LLM_Project/4_Results_fmriprep25_test/llama/7B/base/layer25/base_subj8_corrlh.npy
7B,4,26,"(10242,)",0.06287830638533325,0.06588768818446504,0.016258277523782033,-0.13368632791894358,0.22172064222132767,0,0,0.0,0.9817418472954501,/media/i9a2/WindowsData/Wsh/Brain_LLM_Project/4_Results_fmriprep25_test/llama/7B/base/layer26/base_subj4_corrlh.npy
7B,5,26,"(10242,)",0.08577116523635438,0.09641708769160003,0.03941934006219742,-0.19275375874050246,0.2072427236745579,0,0,0.0,0.9401484085139621,/media/i9a2/WindowsData/Wsh/Brain_LLM_Project/4_Results_fmriprep25_test/llama/7B/base/layer26/base_subj5_corrlh.npy
7B,6,26,"(10242,)",-0.009731326724485076,-0.009955722468645067,0.008032970993496182,-0.094179655712435,0.06753512764864673,0,0,0.0,0.05213825424721734,/media/i9a2/WindowsData/Wsh/Brain_LLM_Project/4_Results_fmriprep25_test/llama/7B/base/layer26/base_subj6_corrlh.npy
7B,7,26,"(10242,)",0.024397294300997834,0.025707012446492268,0.007970650910234816,-0.07772025953557002,0.07462218058065376,0,0,0.0,0.9758836164811561,/media/i9a2/WindowsData/Wsh/Brain_LLM_Project/4_Results_fmriprep25_test/llama/7B/base/layer26/base_subj7_corrlh.npy
7B,8,26,"(10242,)",0.140596991530297,0.15336243539240418,0.0486287275747511,-0.1928095416439517,0.22375427971924083,0,0,0.0,0.9622144112478032,/media/i9a2/WindowsData/Wsh/Brain_LLM_Project/4_Results_fmriprep25_test/llama/7B/base/layer26/base_subj8_corrlh.npy
7B,4,27,"(10242,)",0.012419653391154934,0.013980697969438807,0.014096281739517545,-0.1071004437163248,0.12679022427755124,0,0,0.0,0.9082210505760594,/media/i9a2/WindowsData/Wsh/Brain_LLM_Project/4_Results_fmriprep25_test/llama/7B/base/layer27/base_subj4_corrlh.npy
7B,5,27,"(10242,)",0.13813863602248996,0.15207544383095506,0.061809305186401105,-0.30758287884114555,0.28266160211292546,0,0,0.0,0.9522554188635032,/media/i9a2/WindowsData/Wsh/Brain_LLM_Project/4_Results_fmriprep25_test/llama/7B/base/layer27/base_subj5_corrlh.npy
7B,6,27,"(10242,)",-0.003548266890480288,-0.004844180605911465,0.015101427892987677,-0.17252089427928183,0.16339413353725346,0,0,0.0,0.2565905096660808,/media/i9a2/WindowsData/Wsh/Brain_LLM_Project/4_Results_fmriprep25_test/llama/7B/base/layer27/base_subj6_corrlh.npy
7B,7,27,"(10242,)",0.07264135722802435,0.07600389818455344,0.018520831260226966,-0.11049655174242307,0.1638196273920228,0,0,0.0,0.980472563952353,/media/i9a2/WindowsData/Wsh/Brain_LLM_Project/4_Results_fmriprep25_test/llama/7B/base/layer27/base_subj7_corrlh.npy
7B,8,27,"(10242,)",0.05078598039299432,0.05534409840239092,0.018629988889411735,-0.10187109087708629,0.12533357663331446,0,0,0.0,0.9648506151142355,/media/i9a2/WindowsData/Wsh/Brain_LLM_Project/4_Results_fmriprep25_test/llama/7B/base/layer27/base_subj8_corrlh.npy
7B,4,28,"(10242,)",0.056609873605649126,0.06251871376455621,0.023793461311152973,-0.1443834321420385,0.1630709763400053,0,0,0.0,0.9612380394454209,/media/i9a2/WindowsData/Wsh/Brain_LLM_Project/4_Results_fmriprep25_test/llama/7B/base/layer28/base_subj4_corrlh.npy
7B,5,28,"(10242,)",0.08987742604895896,0.10432565374968852,0.04328658948592585,-0.1880166170723659,0.1810834085110372,0,0,0.0,0.9382933020894356,/media/i9a2/WindowsData/Wsh/Brain_LLM_Project/4_Results_fmriprep25_test/llama/7B/base/layer28/base_subj5_corrlh.npy
7B,6,28,"(10242,)",-0.037223099622436126,-0.04097904865331028,0.014332749793528705,-0.08638293603543548,0.07419477688225024,0,0,0.0,0.03944542081624683,/media/i9a2/WindowsData/Wsh/Brain_LLM_Project/4_Results_fmriprep25_test/llama/7B/base/layer28/base_subj6_corrlh.npy
7B,7,28,"(10242,)",0.06574620567859606,0.07049111838753755,0.02134969565212032,-0.11092147953004317,0.11171731307313068,0,0,0.0,0.9715875805506737,/media/i9a2/WindowsData/Wsh/Brain_LLM_Project/4_Results_fmriprep25_test/llama/7B/base/layer28/base_subj7_corrlh.npy
7B,8,28,"(10242,)",0.22533384406345267,0.24883930178254712,0.08246735403706881,-0.29273146960750124,0.3062208148210511,0,0,0.0,0.9581136496777973,/media/i9a2/WindowsData/Wsh/Brain_LLM_Project/4_Results_fmriprep25_test/llama/7B/base/layer28/base_subj8_corrlh.npy
7B,4,29,"(10242,)",0.008846950292285898,0.010966398983194833,0.018156013278327245,-0.22641958861833367,0.1570039142442945,0,0,0.0,0.8519820347588362,/media/i9a2/WindowsData/Wsh/Brain_LLM_Project/4_Results_fmriprep25_test/llama/7B/base/layer29/base_subj4_corrlh.npy
7B,5,29,"(10242,)",0.05526179767476982,0.05793458198358962,0.03223266326222596,-0.19365798654722075,0.21670555576917092,0,0,0.0,0.9428822495606327,/media/i9a2/WindowsData/Wsh/Brain_LLM_Project/4_Results_fmriprep25_test/llama/7B/base/layer29/base_subj5_corrlh.npy
7B,6,29,"(10242,)",0.020704268148133587,0.022244862557365342,0.00987100909686401,-0.07782235553087179,0.09152739711840983,0,0,0.0,0.9593829330208944,/media/i9a2/WindowsData/Wsh/Brain_LLM_Project/4_Results_fmriprep25_test/llama/7B/base/layer29/base_subj6_corrlh.npy
7B,7,29,"(10242,)",0.024534273642326545,0.024827071463757316,0.01395796330124629,-0.1019957870641999,0.12002115712487085,0,0,0.0,0.9583089240382737,/media/i9a2/WindowsData/Wsh/Brain_LLM_Project/4_Results_fmriprep25_test/llama/7B/base/layer29/base_subj7_corrlh.npy
7B,8,29,"(10242,)",0.12490293038117922,0.1380948197499044,0.046608795567251796,-0.18584905399865986,0.1986010134404685,0,0,0.0,0.9592852958406561,/media/i9a2/WindowsData/Wsh/Brain_LLM_Project/4_Results_fmriprep25_test/llama/7B/base/layer29/base_subj8_corrlh.npy
7B,4,3,"(10242,)",0.05828185666649625,0.06175081230244514,0.017059517254509864,-0.1358867226970252,0.12445249108937965,0,0,0.0,0.9777387229056825,/media/i9a2/WindowsData/Wsh/Brain_LLM_Project/4_Results_fmriprep25_test/llama/7B/base/layer3/base_subj4_corrlh.npy
7B,5,3,"(10242,)",0.11099277578401243,0.1270130400847933,0.047765674936091664,-0.13991510211517272,0.16996256590836467,0,0,0.0,0.9434680726420621,/media/i9a2/WindowsData/Wsh/Brain_LLM_Project/4_Results_fmriprep25_test/llama/7B/base/layer3/base_subj5_corrlh.npy
7B,6,3,"(10242,)",0.024943411426193333,0.026709002580312446,0.012038289395024541,-0.11933617121522834,0.18452375886188827,0,0,0.0,0.9635813317711385,/media/i9a2/WindowsData/Wsh/Brain_LLM_Project/4_Results_fmriprep25_test/llama/7B/base/layer3/base_subj6_corrlh.npy
7B,7,3,"(10242,)",0.11973103077889724,0.12685818866477067,0.02970684727988135,-0.20147800856975526,0.1668658293601353,0,0,0.0,0.9807654754930678,/media/i9a2/WindowsData/Wsh/Brain_LLM_Project/4_Results_fmriprep25_test/llama/7B/base/layer3/base_subj7_corrlh.npy
7B,8,3,"(10242,)",0.22498548509278032,0.24649764229559956,0.07842457852956172,-0.2446685572440068,0.29914438241504404,0,0,0.0,0.9611404022651826,/media/i9a2/WindowsData/Wsh/Brain_LLM_Project/4_Results_fmriprep25_test/llama/7B/base/layer3/base_subj8_corrlh.npy
7B,4,30,"(10242,)",0.08276225307029583,0.08816138895109371,0.02497857741848923,-0.1361289272041741,0.1772972537675392,0,0,0.0,0.9754930677602031,/media/i9a2/WindowsData/Wsh/Brain_LLM_Project/4_Results_fmriprep25_test/llama/7B/base/layer30/base_subj4_corrlh.npy
7B,5,30,"(10242,)",0.0615744492064129,0.07144427315202188,0.033837529690565755,-0.16385251098869083,0.1679485485553548,0,0,0.0,0.9354618238625269,/media/i9a2/WindowsData/Wsh/Brain_LLM_Project/4_Results_fmriprep25_test/llama/7B/base/layer30/base_subj5_corrlh.npy
7B,6,30,"(10242,)",0.016251605397468394,0.017772909861809738,0.014031801711656468,-0.11603851120537537,0.13873716327342814,0,0,0.0,0.939269673891818,/media/i9a2/WindowsData/Wsh/Brain_LLM_Project/4_Results_fmriprep25_test/llama/7B/base/layer30/base_subj6_corrlh.npy
7B,7,30,"(10242,)",0.07043591302606116,0.07435593888443945,0.017626878955559065,-0.12366972190118294,0.112917255370007,0,0,0.0,0.9801796524116384,/media/i9a2/WindowsData/Wsh/Brain_LLM_Project/4_Results_fmriprep25_test/llama/7B/base/layer30/base_subj7_corrlh.npy
7B,8,30,"(10242,)",0.18851313260029026,0.20667359882631633,0.0664216508285732,-0.23093237014063334,0.2775615545571255,0,0,0.0,0.9610427650849444,/media/i9a2/WindowsData/Wsh/Brain_LLM_Project/4_Results_fmriprep25_test/llama/7B/base/layer30/base_subj8_corrlh.npy
7B,4,31,"(10242,)",0.12593309645280187,0.13205475786693116,0.03436949146644411,-0.15796578226586996,0.22013636830002664,0,0,0.0,0.9801796524116384,/media/i9a2/WindowsData/Wsh/Brain_LLM_Project/4_Results_fmriprep25_test/llama/7B/base/layer31/base_subj4_corrlh.npy
7B,5,31,"(10242,)",0.08210689430530572,0.09332151799688386,0.03773808381957469,-0.15950634767934585,0.15540958599837607,0,0,0.0,0.9410271431361062,/media/i9a2/WindowsData/Wsh/Brain_LLM_Project/4_Results_fmriprep25_test/llama/7B/base/layer31/base_subj5_corrlh.npy
7B,6,31,"(10242,)",0.003367151565559102,0.003409121887452673,0.010034661435045228,-0.1037690976349011,0.13346440092469186,0,0,0.0,0.8321616871704746,/media/i9a2/WindowsData/Wsh/Brain_LLM_Project/4_Results_fmriprep25_test/llama/7B/base/layer31/base_subj6_corrlh.npy
7B,7,31,"(10242,)",0.10096322283092328,0.1061345293405529,0.02212767508283468,-0.09549365037493066,0.13976262455653865,0,0,0.0,0.9835969537199766,/media/i9a2/WindowsData/Wsh/Brain_LLM_Project/4_Results_fmriprep25_test/llama/7B/base/layer31/base_subj7_corrlh.npy
7B,8,31,"(10242,)",0.18424976400406987,0.2039515263568875,0.07304466940770779,-0.26231840133131346,0.26243622002659206,0,0,0.0,0.9568443663347003,/media/i9a2/WindowsData/Wsh/Brain_LLM_Project/4_Results_fmriprep25_test/llama/7B/base/layer31/base_subj8_corrlh.npy
7B,4,4,"(10242,)",0.06783703072523245,0.07168815017707332,0.019075066695254918,-0.12415790384357993,0.12532911406314043,0,0,0.0,0.9773481741847295,/media/i9a2/WindowsData/Wsh/Brain_LLM_Project/4_Results_fmriprep25_test/llama/7B/base/layer4/base_subj4_corrlh.npy
7B,5,4,"(10242,)",0.11743600997953704,0.14053630181944993,0.06682581915160439,-0.22009510258186377,0.2172147174170594,0,0,0.0,0.9238429994141769,/media/i9a2/WindowsData/Wsh/Brain_LLM_Project/4_Results_fmriprep25_test/llama/7B/base/layer4/base_subj5_corrlh.npy
7B,6,4,"(10242,)",0.07114956641610198,0.07656170964263619,0.021387522685546927,-0.13017922920074415,0.12630871869893523,0,0,0.0,0.9693419254051943,/media/i9a2/WindowsData/Wsh/Brain_LLM_Project/4_Results_fmriprep25_test/llama/7B/base/layer4/base_subj6_corrlh.npy
7B,7,4,"(10242,)",0.031047784274282925,0.03242862492591769,0.016862717784544158,-0.10696958798873932,0.13467170753374308,0,0,0.0,0.9612380394454209,/media/i9a2/WindowsData/Wsh/Brain_LLM_Project/4_Results_fmriprep25_test/llama/7B/base/layer4/base_subj7_corrlh.npy
7B,8,4,"(10242,)",0.21913305680677853,0.2400705071824892,0.07835316703410308,-0.24565462239478386,0.2997447157730837,0,0,0.0,0.9589923842999414,/media/i9a2/WindowsData/Wsh/Brain_LLM_Project/4_Results_fmriprep25_test/llama/7B/base/layer4/base_subj8_corrlh.npy
7B,4,5,"(10242,)",0.030830245948308056,0.03148322145528125,0.016023035467071508,-0.12941005749172638,0.10543789925623326,0,0,0.0,0.9620191368873267,/media/i9a2/WindowsData/Wsh/Brain_LLM_Project/4_Results_fmriprep25_test/llama/7B/base/layer5/base_subj4_corrlh.npy
7B,5,5,"(10242,)",0.0767343704368606,0.08933642825333496,0.037960597606653226,-0.19887525850215879,0.16931585747094766,0,0,0.0,0.935071275141574,/media/i9a2/WindowsData/Wsh/Brain_LLM_Project/4_Results_fmriprep25_test/llama/7B/base/layer5/base_subj5_corrlh.npy
7B,6,5,"(10242,)",0.014307438717015801,0.01588020928311988,0.014267191409848771,-0.12418614399059007,0.11695204822206005,0,0,0.0,0.9254051942979886,/media/i9a2/WindowsData/Wsh/Brain_LLM_Project/4_Results_fmriprep25_test/llama/7B/base/layer5/base_subj6_corrlh.npy
7B,7,5,"(10242,)",0.0068200158036060875,0.007004058874394037,0.012355841370136945,-0.12413826509721217,0.13508058880180612,0,0,0.0,0.9033391915641477,/media/i9a2/WindowsData/Wsh/Brain_LLM_Project/4_Results_fmriprep25_test/llama/7B/base/layer5/base_subj7_corrlh.npy
7B,8,5,"(10242,)",0.10980558217770338,0.12010166046502041,0.03831222835101409,-0.16272820911433847,0.18324029635979244,0,0,0.0,0.9612380394454209,/media/i9a2/WindowsData/Wsh/Brain_LLM_Project/4_Results_fmriprep25_test/llama/7B/base/layer5/base_subj8_corrlh.npy
7B,4,6,"(10242,)",0.09721187306714617,0.10580511394804851,0.034847619709435985,-0.1968622900815163,0.18581831946341215,0,0,0.0,0.9657293497363796,/media/i9a2/WindowsData/Wsh/Brain_LLM_Project/4_Results_fmriprep25_test/llama/7B/base/layer6/base_subj4_corrlh.npy
7B,5,6,"(10242,)",0.10558343941023511,0.12400206508761803,0.054617444028258674,-0.17793640009946604,0.2003588765246993,0,0,0.0,0.9339972661589533,/media/i9a2/WindowsData/Wsh/Brain_LLM_Project/4_Results_fmriprep25_test/llama/7B/base/layer6/base_subj5_corrlh.npy
7B,6,6,"(10242,)",-0.02564594546949102,-0.02623672553445868,0.011178314101775323,-0.12034004991626174,0.11956218036915076,0,0,0.0,0.026166764303846905,/media/i9a2/WindowsData/Wsh/Brain_LLM_Project/4_Results_fmriprep25_test/llama/7B/base/layer6/base_subj6_corrlh.npy
7B,7,6,"(10242,)",0.11163210080947675,0.11725346267502873,0.024935246088328953,-0.11727914767080623,0.16279215837150784,0,0,0.0,0.9830111306385472,/media/i9a2/WindowsData/Wsh/Brain_LLM_Project/4_Results_fmriprep25_test/llama/7B/base/layer6/base_subj7_corrlh.npy
7B,8,6,"(10242,)",0.18376536794410886,0.20335234611614153,0.07234779918612995,-0.24393607179690238,0.2523435566844481,0,0,0.0,0.955477445811365,/media/i9a2/WindowsData/Wsh/Brain_LLM_Project/4_Results_fmriprep25_test/llama/7B/base/layer6/base_subj8_corrlh.npy
7B,4,7,"(10242,)",0.10481481552679739,0.1108731653017457,0.02855109861099945,-0.17180034652175297,0.1748590905448712,0,0,0.0,0.9793009177894942,/media/i9a2/WindowsData/Wsh/Brain_LLM_Project/4_Results_fmriprep25_test/llama/7B/base/layer7/base_subj4_corrlh.npy
7B,5,7,"(10242,)",0.11988388429886941,0.1386124256410468,0.05656238964335931,-0.3625844576446469,0.2808584521376506,0,0,0.0,0.9398554969732474,/media/i9a2/WindowsData/Wsh/Brain_LLM_Project/4_Results_fmriprep25_test/llama/7B/base/layer7/base_subj5_corrlh.npy
7B,6,7,"(10242,)",0.02197541058173824,0.02527987496135791,0.01989396677547679,-0.13473224152115443,0.1164841373936625,0,0,0.0,0.931361062292521,/media/i9a2/WindowsData/Wsh/Brain_LLM_Project/4_Results_fmriprep25_test/llama/7B/base/layer7/base_subj6_corrlh.npy
7B,7,7,"(10242,)",0.13231588611404171,0.1388726787632144,0.02789834834207272,-0.1304984429015339,0.17971604801280008,0,0,0.0,0.9857449716852177,/media/i9a2/WindowsData/Wsh/Brain_LLM_Project/4_Results_fmriprep25_test/llama/7B/base/layer7/base_subj7_corrlh.npy
7B,8,7,"(10242,)",0.20031538774511679,0.2204252587091466,0.07225694097182137,-0.2229154735791542,0.25998576477234114,0,0,0.0,0.9581136496777973,/media/i9a2/WindowsData/Wsh/Brain_LLM_Project/4_Results_fmriprep25_test/llama/7B/base/layer7/base_subj8_corrlh.npy
7B,4,8,"(10242,)",0.07688095159683969,0.08225322082649231,0.021170186130492163,-0.11053290374867228,0.12464662157173527,0,0,0.0,0.9751025190392502,/media/i9a2/WindowsData/Wsh/Brain_LLM_Project/4_Results_fmriprep25_test/llama/7B/base/layer8/base_subj4_corrlh.npy
7B,5,8,"(10242,)",0.10137354334094502,0.11852444539465484,0.05135675060308816,-0.16558888518204004,0.17545019168259054,0,0,0.0,0.9323374340949033,/media/i9a2/WindowsData/Wsh/Brain_LLM_Project/4_Results_fmriprep25_test/llama/7B/base/layer8/base_subj5_corrlh.npy
7B,6,8,"(10242,)",-0.020746801299406856,-0.023106623145297277,0.01223664073357939,-0.0987413225123896,0.1279520413508965,0,0,0.0,0.05194297988674087,/media/i9a2/WindowsData/Wsh/Brain_LLM_Project/4_Results_fmriprep25_test/llama/7B/base/layer8/base_subj6_corrlh.npy
7B,7,8,"(10242,)",0.07041772258342198,0.07349494838299553,0.017266683449203096,-0.10430580407610042,0.12429451901174543,0,0,0.0,0.9837922280804531,/media/i9a2/WindowsData/Wsh/Brain_LLM_Project/4_Results_fmriprep25_test/llama/7B/base/layer8/base_subj7_corrlh.npy
7B,8,8,"(10242,)",0.16585819892623246,0.18084378285235253,0.05618923883556676,-0.19738492348328007,0.2107894851859057,0,0,0.0,0.9611404022651826,/media/i9a2/WindowsData/Wsh/Brain_LLM_Project/4_Results_fmriprep25_test/llama/7B/base/layer8/base_subj8_corrlh.npy
7B,4,9,"(10242,)",0.08858383604455662,0.09628227811432638,0.02845290625620511,-0.1437486150467611,0.18085849811140986,0,0,0.0,0.9710017574692443,/media/i9a2/WindowsData/Wsh/Brain_LLM_Project/4_Results_fmriprep25_test/llama/7B/base/layer9/base_subj4_corrlh.npy
7B,5,9,"(10242,)",0.09404991364255717,0.10656345320098042,0.04071224151623985,-0.1630051462777456,0.16975099318711673,0,0,0.0,0.9479593829330208,/media/i9a2/WindowsData/Wsh/Brain_LLM_Project/4_Results_fmriprep25_test/llama/7B/base/layer9/base_subj5_corrlh.npy
7B,6,9,"(10242,)",0.016171633112041197,0.018456940310448408,0.013037582128417501,-0.07941623855526328,0.07815671595998464,0,0,0.0,0.9364381956649092,/media/i9a2/WindowsData/Wsh/Brain_LLM_Project/4_Results_fmriprep25_test/llama/7B/base/layer9/base_subj6_corrlh.npy
7B,7,9,"(10242,)",0.10414023269861471,0.10975410476913859,0.025404977512379207,-0.15309546898504073,0.18536320869740272,0,0,0.0,0.9837922280804531,/media/i9a2/WindowsData/Wsh/Brain_LLM_Project/4_Results_fmriprep25_test/llama/7B/base/layer9/base_subj7_corrlh.npy
7B,8,9,"(10242,)",0.12841891590094448,0.13866746563069848,0.0414655309176056,-0.16925138089943212,0.20006215575525305,0,0,0.0,0.9640695176723296,/media/i9a2/WindowsData/Wsh/Brain_LLM_Project/4_Results_fmriprep25_test/llama/7B/base/layer9/base_subj8_corrlh.npy
